timestamp,close,rsi,target_signal,position,price_return,gross_return,turnover,cost_fraction,net_return,equity,benchmark_gross_equity,fee_cost,slippage_cost,drawdown
2025-01-01 00:00:00+00:00,100,,0,0,0,0,0,0,0,10000,10000,0,0,0
2025-01-02 00:00:00+00:00,101.8652634,,0,0,0.0186526342,0,0,0,0,10000,10186.52634,0,0,0
2025-01-03 00:00:00+00:00,103.7038124,,0,0,0.01804883106,0,0,0,0,10000,10370.38124,0,0,0
2025-01-04 00:00:00+00:00,105.4539869,,0,0,0.016876665,0,0,0,0,10000,10545.39869,0,0,0
2025-01-05 00:00:00+00:00,107.0573729,,0,0,0.01520460381,0,0,0,0,10000,10705.73729,0,0,0
2025-01-06 00:00:00+00:00,108.4629853,,0,0,0.01312952412,0,0,0,0,10000,10846.29853,0,0,0
2025-01-07 00:00:00+00:00,109.6311605,,0,0,0.01077026607,0,0,0,0,10000,10963.11605,0,0,0
2025-01-08 00:00:00+00:00,110.5367002,,0,0,0.008259874709,0,0,0,0,10000,11053.67002,0,0,0
2025-01-09 00:00:00+00:00,111.1708615,,0,0,0.005737111286,0,0,0,0,10000,11117.08615,0,0,0
2025-01-10 00:00:00+00:00,111.5419309,,0,0,0.00333782949,0,0,0,0,10000,11154.19309,0,0,0
2025-01-11 00:00:00+00:00,111.6743053,,0,0,0.001186767962,0,0,0,0,10000,11167.43053,0,0,0
2025-01-12 00:00:00+00:00,111.6062102,,0,0,-0.0006097647067,-0,0,0,0,10000,11160.62102,0,0,0
2025-01-13 00:00:00+00:00,111.386353,,0,0,-0.001969936884,-0,0,0,0,10000,11138.6353,0,0,0
2025-01-14 00:00:00+00:00,111.0699157,,0,0,-0.002840898381,-0,0,0,0,10000,11106.99157,0,0,0
2025-01-15 00:00:00+00:00,110.7143189,92.40173975,0,0,-0.003201558295,-0,0,0,0,10000,11071.43189,0,0,0
2025-01-16 00:00:00+00:00,110.3751408,89.80538537,0,0,-0.00306354321,-0,0,0,0,10000,11037.51408,0,0,0
2025-01-17 00:00:00+00:00,110.1024806,87.67269987,0,0,-0.002470304345,-0,0,0,0,10000,11010.24806,0,0,0
2025-01-18 00:00:00+00:00,109.9379416,86.34019337,0,0,-0.001494417102,-0,0,0,0,10000,10993.79416,0,0,0
2025-01-19 00:00:00+00:00,109.9123063,86.12057608,0,0,-0.0002331800071,-0,0,0,0,10000,10991.23063,0,0,0
2025-01-20 00:00:00+00:00,110.043904,86.31304238,0,0,0.001197297777,0,0,0,0,10000,11004.3904,0,0,0
2025-01-21 00:00:00+00:00,110.3376389,86.75455349,0,0,0.002669251992,0,0,0,0,10000,11033.76389,0,0,0
2025-01-22 00:00:00+00:00,110.7846483,87.41963328,0,0,0.004051286345,0,0,0,0,10000,11078.46483,0,0,0
2025-01-23 00:00:00+00:00,111.362591,88.24169552,0,0,0.005216812246,0,0,0,0,10000,11136.2591,0,0,0
2025-01-24 00:00:00+00:00,112.0365981,89.13349203,0,0,0.006052365465,0,0,0,0,10000,11203.65981,0,0,0
2025-01-25 00:00:00+00:00,112.7609408,90.01036186,0,0,0.006465232988,0,0,0,0,10000,11276.09408,0,0,0
2025-01-26 00:00:00+00:00,113.4814633,90.80519465,0,0,0.00638982306,0,0,0,0,10000,11348.14633,0,0,0
2025-01-27 00:00:00+00:00,114.13878,91.47183767,0,0,0.005792282994,0,0,0,0,10000,11413.878,0,0,0
2025-01-28 00:00:00+00:00,114.6721495,91.97995693,0,0,0.004672990984,0,0,0,0,10000,11467.21495,0,0,0
2025-01-29 00:00:00+00:00,115.023816,92.30547819,0,0,0.003066712549,0,0,0,0,10000,11502.3816,0,0,0
2025-01-30 00:00:00+00:00,115.1434887,92.41825512,0,0,0.001040415925,0,0,0,0,10000,11514.34887,0,0,0
2025-01-31 00:00:00+00:00,114.9925272,90.61403242,0,0,-0.00131107266,-0,0,0,0,10000,11499.25272,0,0,0
2025-02-01 00:00:00+00:00,114.5473668,85.32422601,0,0,-0.003871211381,-0,0,0,0,10000,11454.73668,0,0,0
2025-02-02 00:00:00+00:00,113.8017551,77.19558923,0,0,-0.006509200088,-0,0,0,0,10000,11380.17551,0,0,0
2025-02-03 00:00:00+00:00,112.7675031,67.57833343,0,0,-0.009088190418,-0,0,0,0,10000,11276.75031,0,0,0
2025-02-04 00:00:00+00:00,111.4736447,57.86593135,0,0,-0.01147368058,-0,0,0,0,10000,11147.36447,0,0,0
2025-02-05 00:00:00+00:00,109.964118,49.01503478,0,0,-0.01354155723,-0,0,0,0,10000,10996.4118,0,0,0
2025-02-06 00:00:00+00:00,108.2942771,41.46035141,0,0,-0.01518532536,-0,0,0,0,10000,10829.42771,0,0,0
2025-02-07 00:00:00+00:00,106.5266809,35.26430189,0,0,-0.01632215679,-0,0,0,0,10000,10652.66809,0,0,0
2025-02-08 00:00:00+00:00,104.726648,30.29854209,0,0,-0.01689748413,-0,0,0,0,10000,10472.6648,0,0,0
2025-02-09 00:00:00+00:00,102.9580285,26.36946632,1,0,-0.01688796045,-0,0,0,0,10000,10295.80285,0,0,0
2025-02-10 00:00:00+00:00,101.2795371,23.28353043,1,1,-0.01630267609,-0,1,0.0015,-0.0015,9985,10127.95371,10,5,-0.0015
2025-02-11 00:00:00+00:00,99.74185095,20.87354184,1,1,-0.01518259496,-0.01518259496,0,0,-0.01518259496,9833.401789,9974.185095,0,0,-0.01665982107
2025-02-12 00:00:00+00:00,98.38553812,19.00496851,1,1,-0.01359823201,-0.01359823201,0,0,-0.01359823201,9699.68491,9838.553812,0,0,-0.03003150896
2025-02-13 00:00:00+00:00,97.23977412,17.57377289,1,1,-0.01164565466,-0.01164565466,0,0,-0.01164565466,9586.72573,9723.977412,0,0,-0.04132742703
2025-02-14 00:00:00+00:00,96.32173683,16.50150053,1,1,-0.009440964855,-0.009440964855,0,0,-0.009440964855,9496.217789,9632.173683,0,0,-0.0503782211
2025-02-15 00:00:00+00:00,95.63655216,15.73005995,1,1,-0.007113499949,-0.007113499949,0,0,-0.007113499949,9428.666444,9563.655216,0,0,-0.05713335558
2025-02-16 00:00:00+00:00,95.17768005,15.21699009,1,1,-0.004798082947,-0.004798082947,0,0,-0.004798082947,9383.426921,9517.768005,0,0,-0.06165730795
2025-02-17 00:00:00+00:00,94.92767199,14.93123828,1,1,-0.002626750934,-0.002626750934,0,0,-0.002626750934,9358.778995,9492.767199,0,0,-0.06412210049
2025-02-18 00:00:00+00:00,94.85928015,14.84909065,1,1,-0.0007204626277,-0.0007204626277,0,0,-0.0007204626277,9352.036345,9485.928015,0,0,-0.06479636554
2025-02-19 00:00:00+00:00,94.93693705,15.41812303,1,1,0.0008186536929,0.0008186536929,0,0,0.0008186536929,9359.692424,9493.693705,0,0,-0.06403075763
2025-02-20 00:00:00+00:00,95.11864162,16.81881705,1,1,0.001913950204,0.001913950204,0,0,0.001913950204,9377.606409,9511.864162,0,0,-0.06223935911
2025-02-21 00:00:00+00:00,95.3582733,18.73024516,1,1,0.002519292495,0.002519292495,0,0,0.002519292495,9401.231342,9535.82733,0,0,-0.05987686576
2025-02-22 00:00:00+00:00,95.60830922,20.77590316,1,1,0.002622068451,0.002622068451,0,0,0.002622068451,9425.882014,9560.830922,0,0,-0.05741179855
2025-02-23 00:00:00+00:00,95.82284682,22.57668677,1,1,0.002243922121,0.002243922121,0,0,0.002243922121,9447.03296,9582.284682,0,0,-0.05529670404
2025-02-24 00:00:00+00:00,95.96074983,23.7760499,1,1,0.001439145408,0.001439145408,0,0,0.001439145408,9460.628614,9596.074983,0,0,-0.05393713863
2025-02-25 00:00:00+00:00,95.98866162,24.03256034,1,1,0.0002908667351,0.0002908667351,0,0,0.0002908667351,9463.380396,9598.866162,0,0,-0.05366196041
2025-02-26 00:00:00+00:00,95.88358687,23.7090978,1,1,-0.001094657934,-0.001094657934,0,0,-0.001094657934,9453.021231,9588.358687,0,0,-0.05469787685
2025-02-27 00:00:00+00:00,95.63475028,22.92226573,1,1,-0.002595194841,-0.002595194841,0,0,-0.002595194841,9428.4888,9563.475028,0,0,-0.05715112005
2025-02-28 00:00:00+00:00,95.24450433,21.70566262,1,1,-0.004080587327,-0.004080587327,0,0,-0.004080587327,9390.015028,9524.450433,0,0,-0.06099849724
2025-03-01 00:00:00+00:00,94.72817004,20.17957117,1,1,-0.005421145227,-0.005421145227,0,0,-0.005421145227,9339.110392,9472.817004,0,0,-0.06608896075
2025-03-02 00:00:00+00:00,94.11283254,18.50937895,1,1,-0.006495823784,-0.006495823784,0,0,-0.006495823784,9278.445177,9411.283254,0,0,-0.07215548229
2025-03-03 00:00:00+00:00,93.43524753,16.85505767,1,1,-0.007199709027,-0.007199709027,0,0,-0.007199709027,9211.643072,9343.524753,0,0,-0.07883569284
2025-03-04 00:00:00+00:00,92.73911675,15.33829756,1,1,-0.007450408688,-0.007450408688,0,0,-0.007450408688,9143.012566,9273.911675,0,0,-0.0856987434
2025-03-05 00:00:00+00:00,92.07204019,14.0349313,1,1,-0.007193044137,-0.007193044137,0,0,-0.007193044137,9077.246473,9207.204019,0,0,-0.09227535269
2025-03-06 00:00:00+00:00,91.48244509,12.98470191,1,1,-0.006403628059,-0.006403628059,0,0,-0.006403628059,9019.119163,9148.244509,0,0,-0.09808808372
2025-03-07 00:00:00+00:00,91.01673661,12.20764853,1,1,-0.005090686848,-0.005090686848,0,0,-0.005090686848,8973.205652,9101.673661,0,0,-0.1026794348
2025-03-08 00:00:00+00:00,90.71683061,11.72118952,1,1,-0.003295064305,-0.003295064305,0,0,-0.003295064305,8943.638362,9071.683061,0,0,-0.1056361638
2025-03-09 00:00:00+00:00,90.61813968,11.55796982,1,1,-0.001087900992,-0.001087900992,0,0,-0.001087900992,8933.908569,9061.813968,0,0,-0.1066091431
2025-03-10 00:00:00+00:00,90.74800871,13.26950465,1,1,0.001433146062,0.001433146062,0,0,0.001433146062,8946.712165,9074.800871,0,0,-0.1053287835
2025-03-11 00:00:00+00:00,91.12454948,18.21158628,1,1,0.004149300633,0.004149300633,0,0,0.004149300633,8983.834763,9112.454948,0,0,-0.1016165237
2025-03-12 00:00:00+00:00,91.7558107,25.84088172,1,1,0.006927455045,0.006927455045,0,0,0.006927455045,9046.069875,9175.58107,0,0,-0.09539301254
2025-03-13 00:00:00+00:00,92.63923718,34.98150012,1,1,0.009628016725,0.009628016725,0,0,0.009628016725,9133.165587,9263.923718,0,0,-0.08668344133
2025-03-14 00:00:00+00:00,93.76141193,44.36257876,1,1,0.01211338504,0.01211338504,0,0,0.01211338504,9243.799138,9376.141193,0,0,-0.07562008619
2025-03-15 00:00:00+00:00,95.09812515,53.05207615,1,1,0.01425653894,0.01425653894,0,0,0.01425653894,9375.58372,9509.812515,0,0,-0.06244162796
2025-03-16 00:00:00+00:00,96.61485983,60.57600024,1,1,0.01594915439,0.01594915439,0,0,0.01594915439,9525.116353,9661.485983,0,0,-0.04748836473
2025-03-17 00:00:00+00:00,98.26781085,66.8172969,1,1,0.0171086624,0.0171086624,0,0,0.0171086624,9688.078353,9826.781085,0,0,-0.03119216473
2025-03-18 00:00:00+00:00,100.0055488,71.86082535,0,1,0.01768369423,0.01768369423,0,0,0.01768369423,9859.399368,10000.55488,0,0,-0.0140600632
2025-03-19 00:00:00+00:00,101.771394,75.87378617,0,0,0.01765747223,0.01765747223,1,0.0015,0.01613098602,10018.4412,10177.1394,10.03349144,5.016745719,0
2025-03-20 00:00:00+00:00,103.5064802,79.03719982,0,0,0.01704886012,0,0,0,0,10018.4412,10350.64802,0,0,0
2025-03-21 00:00:00+00:00,105.15337,81.51473904,0,0,0.01591098206,0,0,0,0,10018.4412,10515.337,0,0,0
2025-03-22 00:00:00+00:00,106.6599577,83.44260895,0,0,0.01432752664,0,0,0,0,10018.4412,10665.99577,0,0,0
2025-03-23 00:00:00+00:00,107.9832924,84.92937733,0,0,0.01240704364,0,0,0,0,10018.4412,10798.32924,0,0,0
2025-03-24 00:00:00+00:00,109.0928958,86.05970922,0,0,0.01027569502,0,0,0,0,10018.4412,10909.28958,0,0,0
2025-03-25 00:00:00+00:00,109.9731682,86.89918304,0,0,0.008069016625,0,0,0,0,10018.4412,10997.31682,0,0,0
2025-03-26 00:00:00+00:00,110.6245709,87.49910345,0,0,0.005923287476,0,0,0,0,10018.4412,11062.45709,0,0,0
2025-03-27 00:00:00+00:00,111.0634276,87.90107908,0,0,0.003967081241,0,0,0,0,10018.4412,11106.34276,0,0,0
2025-03-28 00:00:00+00:00,111.3203741,88.14151126,0,0,0.002313511348,0,0,0,0,10018.4412,11132.03741,0,0,0
2025-03-29 00:00:00+00:00,111.4376605,88.25623232,0,0,0.001053593567,0,0,0,0,10018.4412,11143.76605,0,0,0
2025-03-30 00:00:00+00:00,111.4656364,88.28534386,0,0,0.0002510457405,0,0,0,0,10018.4412,11146.56364,0,0,0
2025-03-31 00:00:00+00:00,111.4588091,88.22786387,0,0,-6.125089506e-05,-0,0,0,0,10018.4412,11145.88091,0,0,0
2025-04-01 00:00:00+00:00,111.4718506,88.24360962,0,0,0.0001170080688,0,0,0,0,10018.4412,11147.18506,0,0,0
2025-04-02 00:00:00+00:00,111.5558633,88.35169581,0,0,0.0007536670425,0,0,0,0,10018.4412,11155.58633,0,0,0
2025-04-03 00:00:00+00:00,111.7551107,88.61894193,0,0,0.001786077254,0,0,0,0,10018.4412,11175.51107,0,0,0
2025-04-04 00:00:00+00:00,112.1043269,89.09133839,0,0,0.003124834451,0,0,0,0,10018.4412,11210.43269,0,0,0
2025-04-05 00:00:00+00:00,112.6266362,89.77494713,0,0,0.004659136042,0,0,0,0,10018.4412,11262.66362,0,0,0
2025-04-06 00:00:00+00:00,113.3320751,90.62909669,0,0,0.006263517615,0,0,0,0,10018.4412,11333.20751,0,0,0
2025-04-07 00:00:00+00:00,114.2167043,91.57907688,0,0,0.007805637538,0,0,0,0,10018.4412,11421.67043,0,0,0
2025-04-08 00:00:00+00:00,115.2623217,92.54152906,0,0,0.00915468028,0,0,0,0,10018.4412,11526.23217,0,0,0
2025-04-09 00:00:00+00:00,116.4368291,93.44746311,0,0,0.01018986442,0,0,0,0,10018.4412,11643.68291,0,0,0
2025-04-10 00:00:00+00:00,117.6953352,94.25297853,0,0,0.01080848877,0,0,0,0,10018.4412,11769.53353,0,0,0
2025-04-11 00:00:00+00:00,118.9820903,94.93814944,0,0,0.01093293152,0,0,0,0,10018.4412,11898.20903,0,0,0
2025-04-12 00:00:00+00:00,120.2333142,95.49996737,0,0,0.01051606916,0,0,0,0,10018.4412,12023.33142,0,0,0
2025-04-13 00:00:00+00:00,121.380902,95.94455779,0,0,0.009544674601,0,0,0,0,10018.4412,12138.0902,0,0,0
2025-04-14 00:00:00+00:00,122.3568676,96.28106632,0,0,0.008040519584,0,0,0,0,10018.4412,12235.68676,0,0,0
2025-04-15 00:00:00+00:00,123.0982382,96.51746189,0,0,0.006059085075,0,0,0,0,10018.4412,12309.82382,0,0,0
2025-04-16 00:00:00+00:00,123.5519778,96.65750064,0,0,0.00368599597,0,0,0,0,10018.4412,12355.19778,0,0,0
2025-04-17 00:00:00+00:00,123.6794188,96.6976668,0,0,0.001031476486,0,0,0,0,10018.4412,12367.94188,0,0,0
2025-04-18 00:00:00+00:00,123.4596746,94.58702933,0,0,-0.00177672431,-0,0,0,0,10018.4412,12345.96746,0,0,0
2025-04-19 00:00:00+00:00,122.8915883,89.16839171,0,0,-0.004601391604,-0,0,0,0,10018.4412,12289.15883,0,0,0
2025-04-20 00:00:00+00:00,121.9939503,81.24806431,0,0,-0.007304307908,-0,0,0,0,10018.4412,12199.39503,0,0,0
2025-04-21 00:00:00+00:00,120.8039531,72.10434251,0,0,-0.009754558873,-0,0,0,0,10018.4412,12080.39531,0,0,0
2025-04-22 00:00:00+00:00,119.3740955,62.938767,0,0,-0.01183618179,-0,0,0,0,10018.4412,11937.40955,0,0,0
2025-04-23 00:00:00+00:00,117.7679472,54.55046025,0,0,-0.01345474781,-0,0,0,0,10018.4412,11776.79472,0,0,0
2025-04-24 00:00:00+00:00,116.055299,47.30985501,0,0,-0.01454256613,-0,0,0,0,10018.4412,11605.5299,0,0,0
2025-04-25 00:00:00+00:00,114.30724,41.2862738,0,0,-0.01506229414,-0,0,0,0,10018.4412,11430.724,0,0,0
2025-04-26 00:00:00+00:00,112.5916229,36.38931964,0,0,-0.01500882272,-0,0,0,0,10018.4412,11259.16229,0,0,0
2025-04-27 00:00:00+00:00,110.9692479,32.46752315,0,0,-0.01440937512,-0,0,0,0,10018.4412,11096.9248,0,0,0
2025-04-28 00:00:00+00:00,109.4909351,29.36224711,1,0,-0.01332182445,-0,0,0,0,10018.4412,10949.09351,0,0,0
2025-04-29 00:00:00+00:00,108.1955157,26.93149725,1,1,-0.01183129324,-0,1,0.0015,-0.0015,10003.41354,10819.55157,10.0184412,5.009220601,-0.0015
2025-04-30 00:00:00+00:00,107.1086738,25.05725717,1,1,-0.01004516668,-0.01004516668,0,0,-0.01004516668,9902.927583,10710.86738,0,0,-0.01153009893
2025-05-01 00:00:00+00:00,106.2425145,23.6449808,1,1,-0.008086732751,-0.008086732751,0,0,-0.008086732751,9822.845254,10624.25145,0,0,-0.01952359085
2025-05-02 00:00:00+00:00,105.5957373,22.61976361,1,1,-0.006087743714,-0.006087743714,0,0,-0.006087743714,9763.04629,10559.57373,0,0,-0.02549247995
2025-05-03 00:00:00+00:00,105.1543159,21.92117083,1,1,-0.004180296299,-0.004180296299,0,0,-0.004180296299,9722.233864,10515.43159,0,0,-0.02956621013
2025-05-04 00:00:00+00:00,104.8926389,21.49731609,1,1,-0.002488504517,-0.002488504517,0,0,-0.002488504517,9698.040041,10489.26389,0,0,-0.031981139
2025-05-05 00:00:00+00:00,104.7751059,21.29812341,1,1,-0.001120507037,-0.001120507037,0,0,-0.001120507037,9687.173319,10477.51059,0,0,-0.03306581095
2025-05-06 00:00:00+00:00,104.7581979,21.26759339,1,1,-0.0001613750695,-0.0001613750695,0,0,-0.0001613750695,9685.61005,10475.81978,0,0,-0.03322185002
2025-05-07 00:00:00+00:00,104.793035,21.51722109,1,1,0.0003325481033,0.0003325481033,0,0,0.0003325481033,9688.830982,10479.3035,0,0,-0.03290034978
2025-05-08 00:00:00+00:00,104.8283945,21.78827703,1,1,0.0003374218525,0.0003374218525,0,0,0.0003374218525,9692.100205,10482.83945,0,0,-0.03257402922
2025-05-09 00:00:00+00:00,104.8140843,21.7555296,1,1,-0.0001365101514,-0.0001365101514,0,0,-0.0001365101514,9690.777135,10481.40843,0,0,-0.03270609269
2025-05-10 00:00:00+00:00,104.7044838,21.48913425,1,1,-0.001045666055,-0.001045666055,0,0,-0.001045666055,9680.643818,10470.44838,0,0,-0.03371755909
2025-05-11 00:00:00+00:00,104.4619737,20.87989614,1,1,-0.002316138061,-0.002316138061,0,0,-0.002316138061,9658.222111,10446.19737,0,0,-0.03595560263
2025-05-12 00:00:00+00:00,104.0599289,19.87393439,1,1,-0.003848719736,-0.003848719736,0,0,-0.003848719736,9621.05032,10405.99289,0,0,-0.03966593933
2025-05-13 00:00:00+00:00,103.4849408,18.50109547,1,1,-0.005525547405,-0.005525547405,0,0,-0.005525547405,9567.888751,10348.49408,0,0,-0.04497231071
2025-05-14 00:00:00+00:00,102.7380027,16.8707468,1,1,-0.007217843332,-0.007217843332,0,0,-0.007217843332,9498.829229,10273.80027,0,0,-0.05186555094
2025-05-15 00:00:00+00:00,101.8345042,15.13354156,1,1,-0.008794199479,-0.008794199479,0,0,-0.008794199479,9415.29463,10183.45042,0,0,-0.06020363442
2025-05-16 00:00:00+00:00,100.8030379,13.43294822,1,1,-0.01012884913,-0.01012884913,0,0,-0.01012884913,9319.928531,10080.30379,0,0,-0.06972269003
2025-05-17 00:00:00+00:00,99.6831747,11.87298481,1,1,-0.01110941915,-0.01110941915,0,0,-0.01110941915,9216.389538,9968.31747,0,0,-0.08005753059
2025-05-18 00:00:00+00:00,98.52249028,10.51058708,1,1,-0.0116437345,-0.0116437345,0,0,-0.0116437345,9109.076346,9852.249028,0,0,-0.09076909646
2025-05-19 00:00:00+00:00,97.37319192,9.364701502,1,1,-0.01166534013,-0.01166534013,0,0,-0.01166534013,9002.815872,9737.319192,0,0,-0.1013755842
2025-05-20 00:00:00+00:00,96.28869837,8.43068217,1,1,-0.01113749615,-0.01113749615,0,0,-0.01113749615,8902.547045,9628.869837,0,0,-0.1113840102
2025-05-21 00:00:00+00:00,95.32046924,7.692962448,1,1,-0.01005548051,-0.01005548051,0,0,-0.01005548051,8813.027656,9532.046924,0,0,-0.1203194709
2025-05-22 00:00:00+00:00,94.51528664,7.133904426,1,1,-0.008447111165,-0.008447111165,0,0,-0.008447111165,8738.583032,9451.528664,0,0,-0.1277502302
2025-05-23 00:00:00+00:00,93.91308653,6.739431101,1,1,-0.006371457268,-0.006371457268,0,0,-0.006371457268,8682.905524,9391.308653,0,0,-0.1333077323
2025-05-24 00:00:00+00:00,93.54534357,6.502953914,1,1,-0.003915779723,-0.003915779723,0,0,-0.003915779723,8648.905178,9354.534357,0,0,-0.1367015083
2025-05-25 00:00:00+00:00,93.43394955,6.429360997,1,1,-0.001190802404,-0.001190802404,0,0,-0.001190802404,8638.606041,9343.394955,0,0,-0.1377295262
2025-05-26 00:00:00+00:00,93.59049742,8.005010029,1,1,0.001675492375,0.001675492375,0,0,0.001675492375,8653.07996,9359.049742,0,0,-0.1362847986
2025-05-27 00:00:00+00:00,94.01589118,12.32539404,1,1,0.004545266579,0.004545266579,0,0,0.004545266579,8692.410515,9401.589118,0,0,-0.1323589828
2025-05-28 00:00:00+00:00,94.70023662,18.9221349,1,1,0.007279040079,0.007279040079,0,0,0.007279040079,8755.682919,9470.023662,0,0,-0.126043389
2025-05-29 00:00:00+00:00,95.62301823,26.90819418,1,1,0.009744237638,0.009744237638,0,0,0.009744237638,8841.000374,9562.301823,0,0,-0.1175273481
2025-05-30 00:00:00+00:00,96.75361872,35.31496082,1,1,0.01182351813,0.01182351813,0,0,0.01182351813,8945.532103,9675.361872,0,0,-0.1070934167
2025-05-31 00:00:00+00:00,98.05227431,43.37176535,1,1,0.01342229476,0.01342229476,0,0,0.01342229476,9065.601671,9805.227431,0,0,-0.09510856139
2025-06-01 00:00:00+00:00,99.47156904,50.61187007,1,1,0.01447487822,0.01447487822,0,0,0.01447487822,9196.825152,9947.156904,0,0,-0.08201036801
2025-06-02 00:00:00+00:00,100.9585449,56.83814053,1,1,0.01494875244,0.01494875244,0,0,0.01494875244,9334.306214,10095.85449,0,0,-0.06828756826
2025-06-03 00:00:00+00:00,102.4574383,62.03394071,1,1,0.01484662266,0.01484662266,0,0,0.01484662266,9472.889136,10245.74383,0,0,-0.05445478536
2025-06-04 00:00:00+00:00,103.9129554,66.279002,1,1,0.01420606599,0.01420606599,0,0,0.01420606599,9607.461624,10391.29554,0,0,-0.04102230765
2025-06-05 00:00:00+00:00,105.2738834,69.69137984,1,1,0.01309680756,0.01309680756,0,0,0.01309680756,9733.2887,10527.38834,0,0,-0.02846276136
2025-06-06 00:00:00+00:00,106.4967293,72.39454671,0,1,0.01161585267,0.01161585267,0,0,0.01161585267,9846.349148,10649.67293,0,0,-0.01717752793
2025-06-07 00:00:00+00:00,107.5490096,74.50199652,0,0,0.00988086936,0.00988086936,1,0.0015,0.008366048056,9928.724178,10754.90096,9.943639637,4.971819819,-0.008955187901
2025-06-08 00:00:00+00:00,108.4118046,76.11226474,0,0,0.008022342865,0,0,0,0,9928.724178,10841.18046,0,0,-0.008955187901
2025-06-09 00:00:00+00:00,109.0812564,77.3096387,0,0,0.006175081968,0,0,0,0,9928.724178,10908.12564,0,0,-0.008955187901
2025-06-10 00:00:00+00:00,109.5688129,78.16794009,0,0,0.004469662763,0,0,0,0,9928.724178,10956.88129,0,0,-0.008955187901
2025-06-11 00:00:00+00:00,109.9001873,78.75612112,0,0,0.003024349916,0,0,0,0,9928.724178,10990.01873,0,0,-0.008955187901
2025-06-12 00:00:00+00:00,110.1131692,79.14501806,0,0,0.001937957662,0,0,0,0,9928.724178,11011.31692,0,0,-0.008955187901
2025-06-13 00:00:00+00:00,110.254556,79.4144285,0,0,0.001284013448,0,0,0,0,9928.724178,11025.4556,0,0,-0.008955187901
2025-06-14 00:00:00+00:00,110.3765518,79.65860621,0,0,0.001106492053,0,0,0,0,9928.724178,11037.65518,0,0,-0.008955187901
2025-06-15 00:00:00+00:00,110.532988,79.98643318,0,0,0.001417295589,0,0,0,0,9928.724178,11053.2988,0,0,-0.008955187901
2025-06-16 00:00:00+00:00,110.7756716,80.51116532,0,0,0.00219557604,0,0,0,0,9928.724178,11077.56716,0,0,-0.008955187901
2025-06-17 00:00:00+00:00,111.1510818,81.32677598,0,0,0.00338892326,0,0,0,0,9928.724178,11115.10818,0,0,-0.008955187901
2025-06-18 00:00:00+00:00,111.6975425,82.4764049,0,0,0.004916377251,0,0,0,0,9928.724178,11169.75425,0,0,-0.008955187901
2025-06-19 00:00:00+00:00,112.4429164,83.92972624,0,0,0.006673145475,0,0,0,0,9928.724178,11244.29164,0,0,-0.008955187901
2025-06-20 00:00:00+00:00,113.4028222,85.58747118,0,0,0.00853682758,0,0,0,0,9928.724178,11340.28222,0,0,-0.008955187901
2025-06-21 00:00:00+00:00,114.5793598,87.3147251,0,0,0.01037485256,0,0,0,0,9928.724178,11457.93598,0,0,-0.008955187901
2025-06-22 00:00:00+00:00,115.9603548,88.98360976,0,0,0.01205273849,0,0,0,0,9928.724178,11596.03548,0,0,-0.008955187901
2025-06-23 00:00:00+00:00,117.5191737,90.50249263,0,0,0.01344268774,0,0,0,0,9928.724178,11751.91737,0,0,-0.008955187901
2025-06-24 00:00:00+00:00,119.2152059,91.82342227,0,0,0.01443196201,0,0,0,0,9928.724178,11921.52059,0,0,-0.008955187901
2025-06-25 00:00:00+00:00,120.9951423,92.93410999,0,0,0.01493044731,0,0,0,0,9928.724178,12099.51423,0,0,-0.008955187901
2025-06-26 00:00:00+00:00,122.7951675,93.84471013,0,0,0.01487683882,0,0,0,0,9928.724178,12279.51675,0,0,-0.008955187901
2025-06-27 00:00:00+00:00,124.5441334,94.57611633,0,0,0.0142429539,0,0,0,0,9928.724178,12454.41334,0,0,-0.008955187901
2025-06-28 00:00:00+00:00,126.1676681,95.15200342,0,0,0.01303581819,0,0,0,0,9928.724178,12616.76681,0,0,-0.008955187901
2025-06-29 00:00:00+00:00,127.5930287,95.59427797,0,0,0.01129735258,0,0,0,0,9928.724178,12759.30287,0,0,-0.008955187901
2025-06-30 00:00:00+00:00,128.7543405,95.92080064,0,0,0.009101687073,0,0,0,0,9928.724178,12875.43405,0,0,-0.008955187901
2025-07-01 00:00:00+00:00,129.5977241,96.14429229,0,0,0.006550330859,0,0,0,0,9928.724178,12959.77241,0,0,-0.008955187901
2025-07-02 00:00:00+00:00,130.0857371,96.27158446,0,0,0.003765598845,0,0,0,0,9928.724178,13008.57371,0,0,-0.008955187901
2025-07-03 00:00:00+00:00,130.200578,96.30251967,0,0,0.000882809004,0,0,0,0,9928.724178,13020.0578,0,0,-0.008955187901
2025-07-04 00:00:00+00:00,129.9456241,94.42931384,0,0,-0.001958162275,-0,0,0,0,9928.724178,12994.56241,0,0,-0.008955187901
2025-07-05 00:00:00+00:00,129.3450947,89.98918543,0,0,-0.004621389863,-0,0,0,0,9928.724178,12934.50947,0,0,-0.008955187901
2025-07-06 00:00:00+00:00,128.4418864,83.62063633,0,0,-0.006982934312,-0,0,0,0,9928.724178,12844.18864,0,0,-0.008955187901
2025-07-07 00:00:00+00:00,127.2938793,76.23565133,0,0,-0.008937949232,-0,0,0,0,9928.724178,12729.38794,0,0,-0.008955187901
2025-07-08 00:00:00+00:00,125.9691948,68.69648609,0,0,-0.01040650608,-0,0,0,0,9928.724178,12596.91948,0,0,-0.008955187901
2025-07-09 00:00:00+00:00,124.5409714,61.62091262,0,0,-0.01133787853,-0,0,0,0,9928.724178,12454.09714,0,0,-0.008955187901
2025-07-10 00:00:00+00:00,123.0822074,55.35016147,0,0,-0.01171312488,-0,0,0,0,9928.724178,12308.22074,0,0,-0.008955187901
2025-07-11 00:00:00+00:00,121.6611151,50.01093451,0,0,-0.01154587986,-0,0,0,0,9928.724178,12166.11151,0,0,-0.008955187901
2025-07-12 00:00:00+00:00,120.3372792,45.59823795,0,0,-0.0108813392,-0,0,0,0,9928.724178,12033.72792,0,0,-0.008955187901
2025-07-13 00:00:00+00:00,119.1587584,42.04185322,0,0,-0.00979348044,-0,0,0,0,9928.724178,11915.87584,0,0,-0.008955187901
2025-07-14 00:00:00+00:00,118.160133,39.24845243,0,0,-0.008380629366,-0,0,0,0,9928.724178,11816.0133,0,0,-0.008955187901
2025-07-15 00:00:00+00:00,117.3614227,37.12385882,0,0,-0.006759558149,-0,0,0,0,9928.724178,11736.14227,0,0,-0.008955187901
2025-07-16 00:00:00+00:00,116.7677637,35.58209664,0,0,-0.005058383464,-0,0,0,0,9928.724178,11676.77637,0,0,-0.008955187901
2025-07-17 00:00:00+00:00,116.3697461,34.5462048,0,0,-0.003408625271,-0,0,0,0,9928.724178,11636.97461,0,0,-0.008955187901
2025-07-18 00:00:00+00:00,116.144352,33.94355464,0,0,-0.001936879194,-0,0,0,0,9928.724178,11614.4352,0,0,-0.008955187901
2025-07-19 00:00:00+00:00,116.0564743,33.69673873,0,0,-0.0007566241364,-0,0,0,0,9928.724178,11605.64743,0,0,-0.008955187901
2025-07-20 00:00:00+00:00,116.0610322,33.72365684,0,0,3.927303518e-05,0,0,0,0,9928.724178,11606.10322,0,0,-0.008955187901
2025-07-21 00:00:00+00:00,116.1056929,34.00637764,0,0,0.0003848033155,0,0,0,0,9928.724178,11610.56929,0,0,-0.008955187901
2025-07-22 00:00:00+00:00,116.1341765,34.1991677,0,0,0.000245324577,0,0,0,0,9928.724178,11613.41765,0,0,-0.008955187901
2025-07-23 00:00:00+00:00,116.0900419,34.03326445,0,0,-0.0003800305073,-0,0,0,0,9928.724178,11609.00419,0,0,-0.008955187901
2025-07-24 00:00:00+00:00,115.9207536,33.36467522,0,0,-0.001458249968,-0,0,0,0,9928.724178,11592.07536,0,0,-0.008955187901
2025-07-25 00:00:00+00:00,115.5817265,32.00850755,0,0,-0.002924645668,-0,0,0,0,9928.724178,11558.17265,0,0,-0.008955187901
2025-07-26 00:00:00+00:00,115.0399736,29.91593493,1,0,-0.004687184699,-0,0,0,0,9928.724178,11503.99736,0,0,-0.008955187901
2025-07-27 00:00:00+00:00,114.2769605,27.21712226,1,1,-0.006632590881,-0,1,0.0015,-0.0015,9913.831092,11427.69605,9.928724178,4.964362089,-0.01044175512
2025-07-28 00:00:00+00:00,113.290323,24.17953691,1,1,-0.008633740041,-0.008633740041,0,0,-0.008633740041,9828.237651,11329.0323,0,0,-0.01898534376
2025-07-29 00:00:00+00:00,112.0942263,21.1044733,1,1,-0.01055780051,-0.01055780051,0,0,-0.01055780051,9724.473079,11209.42263,0,0,-0.0293427008
2025-07-30 00:00:00+00:00,110.7183196,18.23204665,1,1,-0.0122745545,-0.0122745545,0,0,-0.0122745545,9605.109504,11071.83197,0,0,-0.04125708672
2025-07-31 00:00:00+00:00,109.2054229,15.70146878,1,1,-0.01366437618,-0.01366437618,0,0,-0.01366437618,9473.861674,10920.54229,0,0,-0.05435771055
2025-08-01 00:00:00+00:00,107.608249,13.56144819,1,1,-0.01462540859,-0.01462540859,0,0,-0.01462540859,9335.302576,10760.8249,0,0,-0.06818811541
2025-08-02 00:00:00+00:00,105.9855625,11.8015632,1,1,-0.01507957295,-0.01507957295,0,0,-0.01507957295,9194.5302,10598.55625,0,0,-0.0822394407
2025-08-03 00:00:00+00:00,104.3982021,10.38220093,1,1,-0.01497713785,-0.01497713785,0,0,-0.01497713785,9056.822454,10439.82021,0,0,-0.09598486711
2025-08-04 00:00:00+00:00,102.9053435,9.254868975,1,1,-0.01429965804,-0.01429965804,0,0,-0.01429965804,8927.31299,10290.53435,0,0,-0.1089119744
2025-08-05 00:00:00+00:00,101.5612792,8.373320519,1,1,-0.01306117198,-0.01306117198,0,0,-0.01306117198,8810.71182,10156.12791,0,0,-0.1205506283
2025-08-06 00:00:00+00:00,100.4128637,7.698560869,1,1,-0.01130761132,-0.01130761132,0,0,-0.01130761132,8711.083715,10041.28637,0,0,-0.1304951
2025-08-07 00:00:00+00:00,99.49765742,7.200568372,1,1,-0.009114432419,-0.009114432419,0,0,-0.009114432419,8631.687131,9949.765742,0,0,-0.1384201436
2025-08-08 00:00:00+00:00,98.84270879,6.858648205,1,1,-0.006582553268,-0.006582553268,0,0,-0.006582553268,8574.868591,9884.270879,0,0,-0.1440915389
2025-08-09 00:00:00+00:00,98.46386985,6.661601733,1,1,-0.003832745426,-0.003832745426,0,0,-0.003832745426,8542.003302,9846.386985,0,0,-0.1473720182
2025-08-10 00:00:00+00:00,98.36553153,6.60852702,1,1,-0.0009987249145,-0.0009987249145,0,0,-0.0009987249145,8533.472191,9836.553153,0,0,-0.148223559
2025-08-11 00:00:00+00:00,98.54069332,8.014349081,1,1,0.00178072326,0.00178072326,0,0,0.00178072326,8548.667943,9854.069332,0,0,-0.1467067809
2025-08-12 00:00:00+00:00,98.97133044,11.53990261,1,1,0.004370145018,0.004370145018,0,0,0.004370145018,8586.026862,9897.133044,0,0,-0.1429777658
2025-08-13 00:00:00+00:00,99.62907692,16.78598899,1,1,0.006645828414,0.006645828414,0,0,0.006645828414,8643.088123,9962.907692,0,0,-0.137282143
2025-08-14 00:00:00+00:00,100.4762877,23.11111525,1,1,0.008503649599,0.008503649599,0,0,0.008503649599,8716.585916,10047.62877,0,0,-0.1299458927
2025-08-15 00:00:00+00:00,101.4675645,29.83162673,1,1,0.009865778811,0.009865778811,0,0,0.009865778811,8802.581825,10146.75645,0,0,-0.1213621313
2025-08-16 00:00:00+00:00,102.5518185,36.38163771,1,1,0.01068572056,0.01068572056,0,0,0.01068572056,8896.643754,10255.18185,0,0,-0.1119732526
2025-08-17 00:00:00+00:00,103.6748921,42.38128873,1,1,0.01095127864,0.01095127864,0,0,0.01095127864,8994.073379,10367.48921,0,0,-0.1022482242
2025-08-18 00:00:00+00:00,104.7826779,47.62786608,1,1,0.01068518942,0.01068518942,0,0,0.01068518942,9090.176757,10478.26779,0,0,-0.09265557645
2025-08-19 00:00:00+00:00,105.8245714,52.0501999,1,1,0.009943375092,0.009943375092,0,0,0.009943375092,9180.563794,10582.45714,0,0,-0.08363351051
2025-08-20 00:00:00+00:00,106.7569867,55.65872859,1,1,0.008810952952,0.008810952952,0,0,0.008810952952,9261.45331,10675.69867,0,0,-0.07555944848
2025-08-21 00:00:00+00:00,107.5465973,58.50654027,1,1,0.007396336616,0.007396336616,0,0,0.007396336616,9329.954136,10754.65974,0,0,-0.06872197498
2025-08-22 00:00:00+00:00,108.1729371,60.66462304,1,1,0.005823891461,0.005823891461,0,0,0.005823891461,9384.290776,10817.29371,0,0,-0.06329831285
2025-08-23 00:00:00+00:00,108.6300439,62.2093963,1,1,0.004225704344,0.004225704344,0,0,0.004225704344,9423.946014,10863.00439,0,0,-0.05934008846
2025-08-24 00:00:00+00:00,108.9269352,63.21972058,1,1,0.002733049066,0.002733049066,0,0,0.002733049066,9449.702121,10892.69352,0,0,-0.05676921877
2025-08-25 00:00:00+00:00,109.0868513,63.78139973,1,1,0.001468104925,0.001468104925,0,0,0.001468104925,9463.575275,10908.68513,0,0,-0.05538445701
2025-08-26 00:00:00+00:00,109.1453678,63.99805539,1,1,0.0005364213862,0.0005364213862,0,0,0.0005364213862,9468.65174,10914.53678,0,0,-0.05487774503
2025-08-27 00:00:00+00:00,109.1476086,64.00693428,1,1,2.053005129e-05,2.053005129e-05,0,0,2.053005129e-05,9468.846131,10914.76086,0,0,-0.05485834162
2025-08-28 00:00:00+00:00,109.1448813,63.98624994,1,1,-2.498726298e-05,-2.498726298e-05,0,0,-2.498726298e-05,9468.609531,10914.48813,0,0,-0.05488195813
2025-08-29 00:00:00+00:00,109.1910755,64.19729259,1,1,0.0004232378967,0.0004232378967,0,0,0.0004232378967,9472.617005,10919.10755,0,0,-0.05448194835
2025-08-30 00:00:00+00:00,109.3391273,64.90708527,1,1,0.001355895702,0.001355895702,0,0,0.001355895702,9485.460886,10933.91273,0,0,-0.05319992449
2025-08-31 00:00:00+00:00,109.6377754,66.35603701,1,1,0.002731393486,0.002731393486,0,0,0.002731393486,9511.369412,10963.77754,0,0,-0.05061384093
2025-09-01 00:00:00+00:00,110.1287442,68.64785627,1,1,0.004478098247,0.004478098247,0,0,0.004478098247,9553.962259,11012.87442,0,0,-0.04636239644
2025-09-02 00:00:00+00:00,110.8443991,71.67654067,0,1,0.006498348051,0.006498348051,0,0,0.006498348051,9616.047231,11084.43991,0,0,-0.04016532738
2025-09-03 00:00:00+00:00,111.8058715,75.14978112,0,0,0.008674073007,0.008674073007,1,0.0015,0.007161061897,9684.90834,11180.58715,9.699457526,4.849728763,-0.03329189187
2025-09-04 00:00:00+00:00,113.0216235,78.70565029,0,0,0.01087377562,0,0,0,0,9684.90834,11302.16234,0,0,-0.03329189187
2025-09-05 00:00:00+00:00,114.4864427,82.04022332,0,0,0.0129605222,0,0,0,0,9684.90834,11448.64427,0,0,-0.03329189187
2025-09-06 00:00:00+00:00,116.1808988,84.97187066,0,0,0.01480049524,0,0,0,0,9684.90834,11618.08988,0,0,-0.03329189187
2025-09-07 00:00:00+00:00,118.0713451,87.43597129,0,0,0.01627157597,0,0,0,0,9684.90834,11807.13451,0,0,-0.03329189187
2025-09-08 00:00:00+00:00,120.1105989,89.44623315,0,0,0.0172713696,0,0,0,0,9684.90834,12011.05989,0,0,-0.03329189187
2025-09-09 00:00:00+00:00,122.2394492,91.05521809,0,0,0.01772408338,0,0,0,0,9684.90834,12223.94492,0,0,-0.03329189187
2025-09-10 00:00:00+00:00,124.3891178,92.32727161,0,0,0.01758571872,0,0,0,0,9684.90834,12438.91178,0,0,-0.03329189187
2025-09-11 00:00:00+00:00,126.4847206,93.32399455,0,0,0.0168471555,0,0,0,0,9684.90834,12648.47206,0,0,-0.03329189187
2025-09-12 00:00:00+00:00,128.4496441,94.09815945,0,0,0.01553486896,0,0,0,0,9684.90834,12844.96441,0,0,-0.03329189187
2025-09-13 00:00:00+00:00,130.2105884,94.69219987,0,0,0.01370921899,0,0,0,0,9684.90834,13021.05884,0,0,-0.03329189187
2025-09-14 00:00:00+00:00,131.7028617,95.13874406,0,0,0.01146046046,0,0,0,0,9684.90834,13170.28617,0,0,-0.03329189187
2025-09-15 00:00:00+00:00,132.8753866,95.46180984,0,0,0.008902804955,0,0,0,0,9684.90834,13287.53866,0,0,-0.03329189187
2025-09-16 00:00:00+00:00,133.6948311,95.67798743,0,0,0.006167015208,0,0,0,0,9684.90834,13369.48312,0,0,-0.03329189187
2025-09-17 00:00:00+00:00,134.1483372,95.79730492,0,0,0.003392098753,0,0,0,0,9684.90834,13414.83372,0,0,-0.03329189187
2025-09-18 00:00:00+00:00,134.2444806,95.82362809,0,0,0.0007166946829,0,0,0,0,9684.90834,13424.44806,0,0,-0.03329189187
2025-09-19 00:00:00+00:00,134.0123346,94.28797505,0,0,-0.001729277725,-0,0,0,0,9684.90834,13401.23346,0,0,-0.03329189187
2025-09-20 00:00:00+00:00,133.4987706,90.82042968,0,0,-0.003832214709,-0,0,0,0,9684.90834,13349.87706,0,0,-0.03329189187
2025-09-21 00:00:00+00:00,132.7643589,85.9523966,0,0,-0.005501262197,-0,0,0,0,9684.90834,13276.43588,0,0,-0.03329189187
2025-09-22 00:00:00+00:00,131.8783841,80.35664772,0,0,-0.006673287904,-0,0,0,0,9684.90834,13187.83841,0,0,-0.03329189187
2025-09-23 00:00:00+00:00,130.9135367,74.65645505,0,0,-0.007316190571,-0,0,0,0,9684.90834,13091.35367,0,0,-0.03329189187
2025-09-24 00:00:00+00:00,129.9407939,69.31774611,0,0,-0.007430421901,-0,0,0,0,9684.90834,12994.07939,0,0,-0.03329189187
2025-09-25 00:00:00+00:00,129.0248825,64.63121682,0,0,-0.007048682579,-0,0,0,0,9684.90834,12902.48825,0,0,-0.03329189187
2025-09-26 00:00:00+00:00,128.2205662,60.74711491,0,0,-0.006233807268,-0,0,0,0,9684.90834,12822.05662,0,0,-0.03329189187
2025-09-27 00:00:00+00:00,127.569856,57.72469122,0,0,-0.0050749283,-0,0,0,0,9684.90834,12756.9856,0,0,-0.03329189187
2025-09-28 00:00:00+00:00,127.1001343,55.57513932,0,0,-0.003682074235,-0,0,0,0,9684.90834,12710.01343,0,0,-0.03329189187
2025-09-29 00:00:00+00:00,126.8231267,54.29117954,0,0,-0.002179444117,-0,0,0,0,9684.90834,12682.31267,0,0,-0.03329189187
2025-09-30 00:00:00+00:00,126.7346436,53.863109,0,0,-0.0006976886811,-0,0,0,0,9684.90834,12673.46436,0,0,-0.03329189187
2025-10-01 00:00:00+00:00,126.8150413,54.21634458,0,0,0.0006343778441,0,0,0,0,9684.90834,12681.50413,0,0,-0.03329189187
2025-10-02 00:00:00+00:00,127.0303899,55.20563298,0,0,0.00169813145,0,0,0,0,9684.90834,12703.03899,0,0,-0.03329189187
2025-10-03 00:00:00+00:00,127.3343738,56.63023251,0,0,0.002393001708,0,0,0,0,9684.90834,12733.43738,0,0,-0.03329189187
2025-10-04 00:00:00+00:00,127.6709538,58.21481198,0,0,0.002643276359,0,0,0,0,9684.90834,12767.09538,0,0,-0.03329189187
2025-10-05 00:00:00+00:00,127.9777892,59.66173733,0,0,0.002403330209,0,0,0,0,9684.90834,12797.77892,0,0,-0.03329189187
2025-10-06 00:00:00+00:00,128.190342,60.67754209,0,0,0.001660856398,0,0,0,0,9684.90834,12819.0342,0,0,-0.03329189187
2025-10-07 00:00:00+00:00,128.2464683,60.95713082,0,0,0.0004378361048,0,0,0,0,9684.90834,12824.64683,0,0,-0.03329189187
2025-10-08 00:00:00+00:00,128.0911832,59.69254963,0,0,-0.001210833343,-0,0,0,0,9684.90834,12809.11832,0,0,-0.03329189187
2025-10-09 00:00:00+00:00,127.6811716,56.36747208,0,0,-0.003200935222,-0,0,0,0,9684.90834,12768.11716,0,0,-0.03329189187
2025-10-10 00:00:00+00:00,126.9885707,51.18110853,0,0,-0.005424456097,-0,0,0,0,9684.90834,12698.85707,0,0,-0.03329189187
2025-10-11 00:00:00+00:00,126.0035721,44.85951911,0,0,-0.007756593166,-0,0,0,0,9684.90834,12600.35721,0,0,-0.03329189187
2025-10-12 00:00:00+00:00,124.7355086,38.30085896,0,0,-0.01006371025,-0,0,0,0,9684.90834,12473.55086,0,0,-0.03329189187
2025-10-13 00:00:00+00:00,123.2122786,32.20903402,0,0,-0.01221167947,-0,0,0,0,9684.90834,12321.22786,0,0,-0.03329189187
2025-10-14 00:00:00+00:00,121.478182,26.9531994,1,0,-0.01407405658,-0,0,0,0,9684.90834,12147.8182,0,0,-0.03329189187
2025-10-15 00:00:00+00:00,119.5904586,22.62504116,1,1,-0.01553960859,-0,1,0.0015,-0.0015,9670.380978,11959.04586,9.68490834,4.84245417,-0.03474195404
2025-10-16 00:00:00+00:00,117.6149689,19.15796575,1,1,-0.01651879007,-0.01651879007,0,0,-0.01651879007,9510.637984,11761.49689,0,0,-0.05068684906
2025-10-17 00:00:00+00:00,115.6215288,16.42306679,1,1,-0.01694886423,-0.01694886423,0,0,-0.01694886423,9349.443472,11562.15288,0,0,-0.06677662877
2025-10-18 00:00:00+00:00,113.6793814,14.28365274,1,1,-0.0167974546,-0.0167974546,0,0,-0.0167974546,9192.39662,11367.93814,0,0,-0.08245240598
2025-10-19 00:00:00+00:00,111.8531915,12.61903282,1,1,-0.01606438967,-0.01606438967,0,0,-0.01606438967,9044.726379,11185.31915,0,0,-0.09719224807
2025-10-20 00:00:00+00:00,110.1998025,11.3314502,1,1,-0.01478177804,-0.01478177804,0,0,-0.01478177804,8911.029241,11019.98025,0,0,-0.1105373519
2025-10-21 00:00:00+00:00,108.7658488,10.34552011,1,1,-0.01301230726,-0.01301230726,0,0,-0.01301230726,8795.076191,10876.58488,0,0,-0.1221113131
2025-10-22 00:00:00+00:00,107.5861938,9.60511761,1,1,-0.01084582158,-0.01084582158,0,0,-0.01084582158,8699.686363,10758.61938,0,0,-0.1316327372
2025-10-23 00:00:00+00:00,106.6830822,9.069947993,1,1,-0.008394307748,-0.008394307748,0,0,-0.008394307748,8626.658519,10668.30822,0,0,-0.1389220793
2025-10-24 00:00:00+00:00,106.0658682,8.712659903,1,1,-0.005785490797,-0.005785490797,0,0,-0.005785490797,8576.749065,10606.58682,0,0,-0.1439038376
2025-10-25 00:00:00+00:00,105.7311942,8.51674907,1,1,-0.003155340882,-0.003155340882,0,0,-0.003155340882,8549.686498,10573.11942,0,0,-0.1466051129
2025-10-26 00:00:00+00:00,105.6635384,8.475260495,1,1,-0.0006398849508,-0.0006398849508,0,0,-0.0006398849508,8544.215683,10566.35384,0,0,-0.1471511874
2025-10-27 00:00:00+00:00,105.8361073,9.68380456,1,1,0.001633192515,0.001633192515,0,0,0.001633192515,8558.170032,10583.61073,0,0,-0.1457583211
