timestamp,close,fast_sma,slow_sma,target_signal,position,price_return,gross_return,turnover,cost_fraction,net_return,equity,benchmark_gross_equity,fee_cost,slippage_cost,drawdown
2025-01-01 00:00:00+00:00,100,,,0,0,0,0,0,0,0,10000,10000,0,0,0
2025-01-02 00:00:00+00:00,101.8652634,,,0,0,0.0186526342,0,0,0,0,10000,10186.52634,0,0,0
2025-01-03 00:00:00+00:00,103.7038124,,,0,0,0.01804883106,0,0,0,0,10000,10370.38124,0,0,0
2025-01-04 00:00:00+00:00,105.4539869,,,0,0,0.016876665,0,0,0,0,10000,10545.39869,0,0,0
2025-01-05 00:00:00+00:00,107.0573729,103.6160871,,0,0,0.01520460381,0,0,0,0,10000,10705.73729,0,0,0
2025-01-06 00:00:00+00:00,108.4629853,105.3086842,,0,0,0.01312952412,0,0,0,0,10000,10846.29853,0,0,0
2025-01-07 00:00:00+00:00,109.6311605,106.8618636,,0,0,0.01077026607,0,0,0,0,10000,10963.11605,0,0,0
2025-01-08 00:00:00+00:00,110.5367002,108.2284412,,0,0,0.008259874709,0,0,0,0,10000,11053.67002,0,0,0
2025-01-09 00:00:00+00:00,111.1708615,109.3718161,,0,0,0.005737111286,0,0,0,0,10000,11117.08615,0,0,0
2025-01-10 00:00:00+00:00,111.5419309,110.2687277,,0,0,0.00333782949,0,0,0,0,10000,11154.19309,0,0,0
2025-01-11 00:00:00+00:00,111.6743053,110.9109917,,0,0,0.001186767962,0,0,0,0,10000,11167.43053,0,0,0
2025-01-12 00:00:00+00:00,111.6062102,111.3060016,,0,0,-0.0006097647067,-0,0,0,0,10000,11160.62102,0,0,0
2025-01-13 00:00:00+00:00,111.386353,111.4759322,,0,0,-0.001969936884,-0,0,0,0,10000,11138.6353,0,0,0
2025-01-14 00:00:00+00:00,111.0699157,111.455743,,0,0,-0.002840898381,-0,0,0,0,10000,11106.99157,0,0,0
2025-01-15 00:00:00+00:00,110.7143189,111.2902206,,0,0,-0.003201558295,-0,0,0,0,10000,11071.43189,0,0,0
2025-01-16 00:00:00+00:00,110.3751408,111.0303877,,0,0,-0.00306354321,-0,0,0,0,10000,11037.51408,0,0,0
2025-01-17 00:00:00+00:00,110.1024806,110.7296418,,0,0,-0.002470304345,-0,0,0,0,10000,11010.24806,0,0,0
2025-01-18 00:00:00+00:00,109.9379416,110.4399595,,0,0,-0.001494417102,-0,0,0,0,10000,10993.79416,0,0,0
2025-01-19 00:00:00+00:00,109.9123063,110.2084376,,0,0,-0.0002331800071,-0,0,0,0,10000,10991.23063,0,0,0
2025-01-20 00:00:00+00:00,110.043904,110.0743547,108.8123475,1,0,0.001197297777,0,0,0,0,10000,11004.3904,0,0,0
2025-01-21 00:00:00+00:00,110.3376389,110.0668543,109.3292295,1,1,0.002669251992,0,1,0.0015,-0.0015,9985,11033.76389,10,5,-0.0015
2025-01-22 00:00:00+00:00,110.7846483,110.2032878,109.7751987,1,1,0.004051286345,0.004051286345,0,0,0.004051286345,10025.45209,11078.46483,0,0,0
2025-01-23 00:00:00+00:00,111.362591,110.4882177,110.1581376,1,1,0.005216812246,0.005216812246,0,0,0.005216812246,10077.753,11136.2591,0,0,0
2025-01-24 00:00:00+00:00,112.0365981,110.9130761,110.4872682,1,1,0.006052365465,0.006052365465,0,0,0.006052365465,10138.74724,11203.65981,0,0,0
2025-01-25 00:00:00+00:00,112.7609408,111.4564834,110.7724466,1,1,0.006465232988,0.006465232988,0,0,0.006465232988,10204.2966,11276.09408,0,0,0
2025-01-26 00:00:00+00:00,113.4814633,112.0852483,111.0233705,1,1,0.00638982306,0.00638982306,0,0,0.00638982306,10269.50025,11348.14633,0,0,0
2025-01-27 00:00:00+00:00,114.13878,112.7560747,111.2487515,1,1,0.005792282994,0.005792282994,0,0,0.005792282994,10328.9841,11413.878,0,0,0
2025-01-28 00:00:00+00:00,114.6721495,113.4179864,111.455524,1,1,0.004672990984,0.004672990984,0,0,0.004672990984,10377.25135,11467.21495,0,0,0
2025-01-29 00:00:00+00:00,115.023816,114.0154299,111.6481717,1,1,0.003066712549,0.003066712549,0,0,0.003066712549,10409.0754,11502.3816,0,0,0
2025-01-30 00:00:00+00:00,115.1434887,114.4919395,111.8282496,1,1,0.001040415925,0.001040415925,0,0,0.001040415925,10419.90517,11514.34887,0,0,0
2025-01-31 00:00:00+00:00,114.9925272,114.7941523,111.9941607,1,1,-0.00131107266,-0.00131107266,0,0,-0.00131107266,10406.24392,11499.25272,0,0,-0.00131107266
2025-02-01 00:00:00+00:00,114.5473668,114.8758696,112.1412185,1,1,-0.003871211381,-0.003871211381,0,0,-0.003871211381,10365.95915,11454.73668,0,0,-0.005177208602
2025-02-02 00:00:00+00:00,113.8017551,114.7017908,112.2619886,1,1,-0.006509200088,-0.006509200088,0,0,-0.006509200088,10298.48504,11380.17551,0,0,-0.0116527092
2025-02-03 00:00:00+00:00,112.7675031,114.2505282,112.346868,1,1,-0.009088190418,-0.009088190418,0,0,-0.009088190418,10204.89045,11276.75031,0,0,-0.02063499758
2025-02-04 00:00:00+00:00,111.4736447,113.5165594,112.3848342,1,1,-0.01147368058,-0.01147368058,0,0,-0.01147368058,10087.8028,11147.36447,0,0,-0.03187191879
2025-02-05 00:00:00+00:00,109.964118,112.5108775,112.3642831,1,1,-0.01354155723,-0.01354155723,0,0,-0.01354155723,9951.198238,10996.4118,0,0,-0.04498188061
2025-02-06 00:00:00+00:00,108.2942771,111.2602596,112.2738729,0,1,-0.01518532536,-0.01518532536,0,0,-0.01518532536,9800.086055,10829.42771,0,0,-0.05948414148
2025-02-07 00:00:00+00:00,106.5266809,109.8052448,112.1033099,0,0,-0.01632215679,-0.01632215679,1,0.0015,-0.01779767355,9625.667323,10652.66809,9.640127514,4.820063757,-0.0762231357
2025-02-08 00:00:00+00:00,104.726648,108.1970738,111.844027,0,0,-0.01689748413,-0,0,0,0,9625.667323,10472.6648,0,0,-0.0762231357
2025-02-09 00:00:00+00:00,102.9580285,106.4939505,111.4897332,0,0,-0.01688796045,-0,0,0,0,9625.667323,10295.80285,0,0,-0.0762231357
2025-02-10 00:00:00+00:00,101.2795371,104.7570343,111.0368281,0,0,-0.01630267609,-0,0,0,0,9625.667323,10127.95371,0,0,-0.0762231357
2025-02-11 00:00:00+00:00,99.74185095,103.0465491,110.4846883,0,0,-0.01518259496,-0,0,0,0,9625.667323,9974.185095,0,0,-0.0762231357
2025-02-12 00:00:00+00:00,98.38553812,101.4183206,109.8358356,0,0,-0.01359823201,-0,0,0,0,9625.667323,9838.553812,0,0,-0.0762231357
2025-02-13 00:00:00+00:00,97.23977412,99.92094577,109.0959944,0,0,-0.01164565466,-0,0,0,0,9625.667323,9723.977412,0,0,-0.0762231357
2025-02-14 00:00:00+00:00,96.32173683,98.59368743,108.2740342,0,0,-0.009440964855,-0,0,0,0,9625.667323,9632.173683,0,0,-0.0762231357
2025-02-15 00:00:00+00:00,95.63655216,97.46509044,107.3817887,0,0,-0.007113499949,-0,0,0,0,9625.667323,9563.655216,0,0,-0.0762231357
2025-02-16 00:00:00+00:00,95.17768005,96.55225626,106.4337337,0,0,-0.004798082947,-0,0,0,0,9625.667323,9517.768005,0,0,-0.0762231357
2025-02-17 00:00:00+00:00,94.92767199,95.86068303,105.4465098,0,0,-0.002626750934,-0,0,0,0,9625.667323,9492.767199,0,0,-0.0762231357
2025-02-18 00:00:00+00:00,94.85928015,95.38458424,104.438283,0,0,-0.0007204626277,-0,0,0,0,9625.667323,9485.928015,0,0,-0.0762231357
2025-02-19 00:00:00+00:00,94.93693705,95.10762428,103.4279554,0,0,0.0008186536929,0,0,0,0,9625.667323,9493.693705,0,0,-0.0762231357
2025-02-20 00:00:00+00:00,95.11864162,95.00404217,102.4342611,0,0,0.001913950204,0,0,0,0,9625.667323,9511.864162,0,0,-0.0762231357
2025-02-21 00:00:00+00:00,95.3582733,95.04016082,101.4748064,0,0,0.002519292495,0,0,0,0,9625.667323,9535.82733,0,0,-0.0762231357
2025-02-22 00:00:00+00:00,95.60830922,95.17628827,100.5651342,0,0,0.002622068451,0,0,0,0,9625.667323,9560.830922,0,0,-0.0762231357
2025-02-23 00:00:00+00:00,95.82284682,95.3690016,99.71790134,0,0,0.002243922121,0,0,0,0,9625.667323,9582.284682,0,0,-0.0762231357
2025-02-24 00:00:00+00:00,95.96074983,95.57376416,98.9422566,0,0,0.001439145408,0,0,0,0,9625.667323,9596.074983,0,0,-0.0762231357
2025-02-25 00:00:00+00:00,95.98866162,95.74776816,98.24348378,0,0,0.0002908667351,0,0,0,0,9625.667323,9598.866162,0,0,-0.0762231357
2025-02-26 00:00:00+00:00,95.88358687,95.85283087,97.62294927,0,0,-0.001094657934,-0,0,0,0,9625.667323,9588.358687,0,0,-0.0762231357
2025-02-27 00:00:00+00:00,95.63475028,95.85811908,97.07835273,0,0,-0.002595194841,-0,0,0,0,9625.667323,9563.475028,0,0,-0.0762231357
2025-02-28 00:00:00+00:00,95.24450433,95.74245059,96.60424555,0,0,-0.004080587327,-0,0,0,0,9625.667323,9524.450433,0,0,-0.0762231357
2025-03-01 00:00:00+00:00,94.72817004,95.49593463,96.19275262,0,0,-0.005421145227,-0,0,0,0,9625.667323,9472.817004,0,0,-0.0762231357
2025-03-02 00:00:00+00:00,94.11283254,95.12076881,95.83441739,0,0,-0.006495823784,-0,0,0,0,9625.667323,9411.283254,0,0,-0.0762231357
2025-03-03 00:00:00+00:00,93.43524753,94.63110094,95.51908722,0,0,-0.007199709027,-0,0,0,0,9625.667323,9343.524753,0,0,-0.0762231357
2025-03-04 00:00:00+00:00,92.73911675,94.05197424,95.23676616,0,0,-0.007450408688,-0,0,0,0,9625.667323,9273.911675,0,0,-0.0762231357
2025-03-05 00:00:00+00:00,92.07204019,93.41748141,94.97837946,0,0,-0.007193044137,-0,0,0,0,9625.667323,9207.204019,0,0,-0.0762231357
2025-03-06 00:00:00+00:00,91.48244509,92.76833642,94.73641487,0,0,-0.006403628059,-0,0,0,0,9625.667323,9148.244509,0,0,-0.0762231357
2025-03-07 00:00:00+00:00,91.01673661,92.14911723,94.50542409,0,0,-0.005090686848,-0,0,0,0,9625.667323,9101.673661,0,0,-0.0762231357
2025-03-08 00:00:00+00:00,90.71683061,91.60543385,94.28238162,0,0,-0.003295064305,-0,0,0,0,9625.667323,9071.683061,0,0,-0.0762231357
2025-03-09 00:00:00+00:00,90.61813968,91.18123844,94.06690501,0,0,-0.001087900992,-0,0,0,0,9625.667323,9061.813968,0,0,-0.0762231357
2025-03-10 00:00:00+00:00,90.74800871,90.91643214,93.86134143,0,0,0.001433146062,0,0,0,0,9625.667323,9074.800871,0,0,-0.0762231357
2025-03-11 00:00:00+00:00,91.12454948,90.84485302,93.67072206,0,0,0.004149300633,0,0,0,0,9625.667323,9112.454948,0,0,-0.0762231357
2025-03-12 00:00:00+00:00,91.7558107,90.99266784,93.50258051,0,0,0.006927455045,0,0,0,0,9625.667323,9175.58107,0,0,-0.0762231357
2025-03-13 00:00:00+00:00,92.63923718,91.37714915,93.3666287,0,0,0.009628016725,0,0,0,0,9625.667323,9263.923718,0,0,-0.0762231357
2025-03-14 00:00:00+00:00,93.76141193,92.0058036,93.27428384,0,0,0.01211338504,0,0,0,0,9625.667323,9376.141193,0,0,-0.0762231357
2025-03-15 00:00:00+00:00,95.09812515,92.87582689,93.23804776,0,0,0.01425653894,0,0,0,0,9625.667323,9509.812515,0,0,-0.0762231357
2025-03-16 00:00:00+00:00,96.61485983,93.97388896,93.27075326,1,0,0.01594915439,0,0,0,0,9625.667323,9661.485983,0,0,-0.0762231357
2025-03-17 00:00:00+00:00,98.26781085,95.27628899,93.38471072,1,1,0.0171086624,0,1,0.0015,-0.0015,9611.228822,9826.781085,9.625667323,4.812833661,-0.077608801
2025-03-18 00:00:00+00:00,100.0055488,96.74955131,93.59080881,1,1,0.01768369423,0.01768369423,0,0,0.01768369423,9781.190854,10000.55488,0,0,-0.06129751707
2025-03-19 00:00:00+00:00,101.771394,98.35154771,93.897641,1,1,0.01765747223,0.01765747223,0,0,0.01765747223,9953.901959,10177.1394,0,0,-0.04472240405
2025-03-20 00:00:00+00:00,103.5064802,100.0332187,94.31073979,1,1,0.01704886012,0.01704886012,0,0,0.01704886012,10123.60464,10350.64802,0,0,-0.02843600994
2025-03-21 00:00:00+00:00,105.15337,101.7409208,94.83199979,1,1,0.01591098206,0.01591098206,0,0,0.01591098206,10284.68113,10515.337,0,0,-0.01297747273
2025-03-22 00:00:00+00:00,106.6599577,103.4193501,95.45935605,1,1,0.01432752664,0.01432752664,0,0,0.01432752664,10432.03518,10665.99577,0,0,0
2025-03-23 00:00:00+00:00,107.9832924,105.0148989,96.18675829,1,1,0.01240704364,0.01240704364,0,0,0.01240704364,10561.46589,10798.32924,0,0,0
2025-03-24 00:00:00+00:00,109.0928958,106.4791992,97.00444725,1,1,0.01027569502,0.01027569502,0,0,0.01027569502,10669.99229,10909.28958,0,0,0
2025-03-25 00:00:00+00:00,109.9731682,107.7725368,97.89950365,1,1,0.008069016625,0.008069016625,0,0,0.008069016625,10756.08864,10997.31682,0,0,0
2025-03-26 00:00:00+00:00,110.6245709,108.866777,98.85660994,1,1,0.005923287476,0.005923287476,0,0,0.005923287476,10819.80004,11062.45709,0,0,0
2025-03-27 00:00:00+00:00,111.0634276,109.747471,99.85894448,1,1,0.003967081241,0.003967081241,0,0,0.003967081241,10862.72307,11106.34276,0,0,0
2025-03-28 00:00:00+00:00,111.3203741,110.4148873,100.8891217,1,1,0.002313511348,0.002313511348,0,0,0.002313511348,10887.8541,11132.03741,0,0,0
2025-03-29 00:00:00+00:00,111.4376605,110.8838402,101.9300977,1,1,0.001053593567,0.001053593567,0,0,0.001053593567,10899.32548,11143.76605,0,0,0
2025-03-30 00:00:00+00:00,111.4656364,111.1823339,102.9659791,1,1,0.0002510457405,0.0002510457405,0,0,0.0002510457405,10902.06171,11146.56364,0,0,0
2025-03-31 00:00:00+00:00,111.4588091,111.3491815,103.9826921,1,1,-6.125089506e-05,-6.125089506e-05,0,0,-6.125089506e-05,10901.39394,11145.88091,0,0,-6.125089506e-05
2025-04-01 00:00:00+00:00,111.4718506,111.4308661,104.9684941,1,1,0.0001170080688,0.0001170080688,0,0,0.0001170080688,10902.6695,11147.18506,0,0,0
2025-04-02 00:00:00+00:00,111.5558633,111.477964,105.9143254,1,1,0.0007536670425,0.0007536670425,0,0,0.0007536670425,10910.88648,11155.58633,0,0,0
2025-04-03 00:00:00+00:00,111.7551107,111.541454,106.8140103,1,1,0.001786077254,0.001786077254,0,0,0.001786077254,10930.37416,11175.51107,0,0,0
2025-04-04 00:00:00+00:00,112.1043269,111.6691921,107.6643204,1,1,0.003124834451,0.003124834451,0,0,0.003124834451,10964.52977,11210.43269,0,0,0
2025-04-05 00:00:00+00:00,112.6266362,111.9027576,108.4649092,1,1,0.004659136042,0.004659136042,0,0,0.004659136042,11015.61501,11262.66362,0,0,0
2025-04-06 00:00:00+00:00,113.3320751,112.2748025,109.2181224,1,1,0.006263517615,0.006263517615,0,0,0.006263517615,11084.61151,11333.20751,0,0,0
2025-04-07 00:00:00+00:00,114.2167043,112.8069706,109.9286802,1,1,0.007805637538,0.007805637538,0,0,0.007805637538,11171.13397,11421.67043,0,0,0
2025-04-08 00:00:00+00:00,115.2623217,113.5084128,110.6032266,1,1,0.00915468028,0.00915468028,0,0,0.00915468028,11273.40213,11526.23217,0,0,0
2025-04-09 00:00:00+00:00,116.4368291,114.3749133,111.249744,1,1,0.01018986442,0.01018986442,0,0,0.01018986442,11388.27657,11643.68291,0,0,0
2025-04-10 00:00:00+00:00,117.6953352,115.3886531,111.8768423,1,1,0.01080848877,0.01080848877,0,0,0.01080848877,11511.36663,11769.53353,0,0,0
2025-04-11 00:00:00+00:00,118.9820903,116.5186561,112.4929489,1,1,0.01093293152,0.01093293152,0,0,0.01093293152,11637.21961,11898.20903,0,0,0
2025-04-12 00:00:00+00:00,120.2333142,117.7219781,113.10545,1,1,0.01051606916,0.01051606916,0,0,0.01051606916,11759.59742,12023.33142,0,0,0
2025-04-13 00:00:00+00:00,121.380902,118.9456942,113.7198503,1,1,0.009544674601,0.009544674601,0,0,0.009544674601,11871.83895,12138.0902,0,0,0
2025-04-14 00:00:00+00:00,122.3568676,120.1297019,114.3390353,1,1,0.008040519584,0.008040519584,0,0,0.008040519584,11967.2947,12235.68676,0,0,0
2025-04-15 00:00:00+00:00,123.0982382,121.2102825,114.9627187,1,1,0.006059085075,0.006059085075,0,0,0.006059085075,12039.80556,12309.82382,0,0,0
2025-04-16 00:00:00+00:00,123.5519778,122.12426,115.5871462,1,1,0.00368599597,0.00368599597,0,0,0.00368599597,12084.18423,12355.19778,0,0,0
2025-04-17 00:00:00+00:00,123.6794188,122.8134809,116.2050984,1,1,0.001031476486,0.001031476486,0,0,0.001031476486,12096.64878,12367.94188,0,0,0
2025-04-18 00:00:00+00:00,123.4596746,123.2292354,116.8061991,1,1,-0.00177672431,-0.00177672431,0,0,-0.00177672431,12075.15637,12345.96746,0,0,-0.00177672431
2025-04-19 00:00:00+00:00,122.8915883,123.3361795,117.3774967,1,1,-0.004601391604,-0.004601391604,0,0,-0.004601391604,12019.59385,12289.15883,0,0,-0.006369940509
2025-04-20 00:00:00+00:00,121.9939503,123.1153219,117.9042538,1,1,-0.007304307908,-0.007304307908,0,0,-0.007304307908,11931.79904,12199.39503,0,0,-0.01362772041
2025-04-21 00:00:00+00:00,120.8039531,122.565717,118.3708589,1,1,-0.009754558873,-0.009754558873,0,0,-0.009754558873,11815.4096,12080.39531,0,0,-0.02324934688
2025-04-22 00:00:00+00:00,119.3740955,121.7046523,118.7617705,1,1,-0.01183618179,-0.01183618179,0,0,-0.01183618179,11675.56026,11937.40955,0,0,-0.03481034518
2025-04-23 00:00:00+00:00,117.7679472,120.5663069,119.0624123,1,1,-0.01345474781,-0.01345474781,0,0,-0.01345474781,11518.46855,11776.79472,0,0,-0.04779672857
2025-04-24 00:00:00+00:00,116.055299,119.199049,119.2599609,0,1,-0.01454256613,-0.01454256613,0,0,-0.01454256613,11350.96046,11605.5299,0,0,-0.06164420761
2025-04-25 00:00:00+00:00,114.30724,117.661707,119.3439911,0,0,-0.01506229414,-0.01506229414,1,0.0015,-0.01653970069,11163.21897,11430.724,11.17998895,5.589994475,-0.07716433156
2025-04-26 00:00:00+00:00,112.5916229,116.0192409,119.3069685,0,0,-0.01500882272,-0,0,0,0,11163.21897,11259.16229,0,0,-0.07716433156
2025-04-27 00:00:00+00:00,110.9692479,114.3382714,119.1445957,0,0,-0.01440937512,-0,0,0,0,11163.21897,11096.9248,0,0,-0.07716433156
2025-04-28 00:00:00+00:00,109.4909351,112.682869,118.8560264,0,0,-0.01332182445,-0,0,0,0,11163.21897,10949.09351,0,0,-0.07716433156
2025-04-29 00:00:00+00:00,108.1955157,111.1109123,118.4439607,0,0,-0.01183129324,-0,0,0,0,11163.21897,10819.55157,0,0,-0.07716433156
2025-04-30 00:00:00+00:00,107.1086738,109.6711991,117.9146276,0,0,-0.01004516668,-0,0,0,0,11163.21897,10710.86738,0,0,-0.07716433156
2025-05-01 00:00:00+00:00,106.2425145,108.4013774,117.2776488,0,0,-0.008086732751,-0,0,0,0,11163.21897,10624.25145,0,0,-0.07716433156
2025-05-02 00:00:00+00:00,105.5957373,107.3266753,116.54577,0,0,-0.006087743714,-0,0,0,0,11163.21897,10559.57373,0,0,-0.07716433156
2025-05-03 00:00:00+00:00,105.1543159,106.4593515,115.7344407,0,0,-0.004180296299,-0,0,0,0,11163.21897,10515.43159,0,0,-0.07716433156
2025-05-04 00:00:00+00:00,104.8926389,105.7987761,114.8612292,0,0,-0.002488504517,-0,0,0,0,11163.21897,10489.26389,0,0,-0.07716433156
2025-05-05 00:00:00+00:00,104.7751059,105.3320625,113.9450726,0,0,-0.001120507037,-0,0,0,0,11163.21897,10477.51059,0,0,-0.07716433156
2025-05-06 00:00:00+00:00,104.7581979,105.0351992,113.0053836,0,0,-0.0001613750695,-0,0,0,0,11163.21897,10475.81978,0,0,-0.07716433156
2025-05-07 00:00:00+00:00,104.793035,104.8746587,112.0610644,0,0,0.0003325481033,0,0,0,0,11163.21897,10479.3035,0,0,-0.07716433156
2025-05-08 00:00:00+00:00,104.8283945,104.8094744,111.1295004,0,0,0.0003374218525,0,0,0,0,11163.21897,10482.83945,0,0,-0.07716433156
2025-05-09 00:00:00+00:00,104.8140843,104.7937635,110.2256252,0,0,-0.0001365101514,-0,0,0,0,11163.21897,10481.40843,0,0,-0.07716433156
2025-05-10 00:00:00+00:00,104.7044838,104.7796391,109.3611519,0,0,-0.001045666055,-0,0,0,0,11163.21897,10470.44838,0,0,-0.07716433156
2025-05-11 00:00:00+00:00,104.4619737,104.7203943,108.5440529,0,0,-0.002316138061,-0,0,0,0,11163.21897,10446.19737,0,0,-0.07716433156
2025-05-12 00:00:00+00:00,104.0599289,104.573773,107.7783446,0,0,-0.003848719736,-0,0,0,0,11163.21897,10405.99289,0,0,-0.07716433156
2025-05-13 00:00:00+00:00,103.4849408,104.3050823,107.0641943,0,0,-0.005525547405,-0,0,0,0,11163.21897,10348.49408,0,0,-0.07716433156
2025-05-14 00:00:00+00:00,102.7380027,103.889866,106.3983295,0,0,-0.007217843332,-0,0,0,0,11163.21897,10273.80027,0,0,-0.07716433156
2025-05-15 00:00:00+00:00,101.8345042,103.3158701,105.7746927,0,0,-0.008794199479,-0,0,0,0,11163.21897,10183.45042,0,0,-0.07716433156
2025-05-16 00:00:00+00:00,100.8030379,102.5840829,105.1852634,0,0,-0.01012884913,-0,0,0,0,11163.21897,10080.30379,0,0,-0.07716433156
2025-05-17 00:00:00+00:00,99.6831747,101.7087321,104.6209598,0,0,-0.01110941915,-0,0,0,0,11163.21897,9968.31747,0,0,-0.07716433156
2025-05-18 00:00:00+00:00,98.52249028,100.716242,104.0725375,0,0,-0.0116437345,-0,0,0,0,11163.21897,9852.249028,0,0,-0.07716433156
2025-05-19 00:00:00+00:00,97.37319192,99.64327981,103.5314213,0,0,-0.01166534013,-0,0,0,0,11163.21897,9737.319192,0,0,-0.07716433156
2025-05-20 00:00:00+00:00,96.28869837,98.53411863,102.9904226,0,0,-0.01113749615,-0,0,0,0,11163.21897,9628.869837,0,0,-0.07716433156
2025-05-21 00:00:00+00:00,95.32046924,97.4376049,102.4443203,0,0,-0.01005548051,-0,0,0,0,11163.21897,9532.046924,0,0,-0.07716433156
2025-05-22 00:00:00+00:00,94.51528664,96.40402729,101.8902978,0,0,-0.008447111165,-0,0,0,0,11163.21897,9451.528664,0,0,-0.07716433156
2025-05-23 00:00:00+00:00,93.91308653,95.48214654,101.3282363,0,0,-0.006371457268,-0,0,0,0,11163.21897,9391.308653,0,0,-0.07716433156
2025-05-24 00:00:00+00:00,93.54534357,94.71657687,100.7608715,0,0,-0.003915779723,-0,0,0,0,11163.21897,9354.534357,0,0,-0.07716433156
2025-05-25 00:00:00+00:00,93.43394955,94.14562711,100.1938137,0,0,-0.001190802404,-0,0,0,0,11163.21897,9343.394955,0,0,-0.07716433156
2025-05-26 00:00:00+00:00,93.59049742,93.79963274,99.6354287,0,0,0.001675492375,0,0,0,0,11163.21897,9359.049742,0,0,-0.07716433156
2025-05-27 00:00:00+00:00,94.01589118,93.69975365,99.09657151,0,0,0.004545266579,0,0,0,0,11163.21897,9401.589118,0,0,-0.07716433156
2025-05-28 00:00:00+00:00,94.70023662,93.85718367,98.59016362,0,0,0.007279040079,0,0,0,0,11163.21897,9470.023662,0,0,-0.07716433156
2025-05-29 00:00:00+00:00,95.62301823,94.2727186,98.13061032,0,0,0.009744237638,0,0,0,0,11163.21897,9562.301823,0,0,-0.07716433156
2025-05-30 00:00:00+00:00,96.75361872,94.93665243,97.73306706,0,0,0.01182351813,0,0,0,0,11163.21897,9675.361872,0,0,-0.07716433156
2025-05-31 00:00:00+00:00,98.05227431,95.82900781,97.41258209,0,0,0.01342229476,0,0,0,0,11163.21897,9805.227431,0,0,-0.07716433156
2025-06-01 00:00:00+00:00,99.47156904,96.92014338,97.1831641,0,0,0.01447487822,0,0,0,0,11163.21897,9947.156904,0,0,-0.07716433156
2025-06-02 00:00:00+00:00,100.9585449,98.17180504,97.0568443,1,0,0.01494875244,0,0,0,0,11163.21897,10095.85449,0,0,-0.07716433156
2025-06-03 00:00:00+00:00,102.4574383,99.53868906,97.04281608,1,1,0.01484662266,0,1,0.0015,-0.0015,11146.47414,10245.74383,11.16321897,5.581609483,-0.07854858507
2025-06-04 00:00:00+00:00,103.9129554,100.9705564,97.14673864,1,1,0.01420606599,0.01420606599,0,0,0.01420606599,11304.82169,10391.29554,0,0,-0.06545838546
2025-06-05 00:00:00+00:00,105.2738834,102.4148782,97.37028092,1,1,0.01309680756,0.01309680756,0,0,0.01309680756,11452.87876,10527.38834,0,0,-0.05321887378
2025-06-06 00:00:00+00:00,106.4967293,103.8199103,97.71095865,1,1,0.01161585267,0.01161585267,0,0,0.01161585267,11585.91371,10649.67293,0,0,-0.04222120371
2025-06-07 00:00:00+00:00,107.5490096,105.1380032,98.16228462,1,1,0.00988086936,0.00988086936,0,0,0.00988086936,11700.39261,10754.90096,0,0,-0.03275751655
2025-06-08 00:00:00+00:00,108.4118046,106.3288765,98.71421526,1,1,0.008022342865,0.008022342865,0,0,0.008022342865,11794.25717,10841.18046,0,0,-0.02499796571
2025-06-09 00:00:00+00:00,109.0812564,107.3625367,99.35384316,1,1,0.006175081968,0.006175081968,0,0,0.006175081968,11867.08768,10908.12564,0,0,-0.01897724823
2025-06-10 00:00:00+00:00,109.5688129,108.2215226,100.0662603,1,1,0.004469662763,0.004469662763,0,0,0.004469662763,11920.12956,10956.88129,0,0,-0.01459240737
2025-06-11 00:00:00+00:00,109.9001873,108.9022142,100.8355054,1,1,0.003024349916,0.003024349916,0,0,0.003024349916,11956.1802,10990.01873,0,0,-0.01161219
2025-06-12 00:00:00+00:00,110.1131692,109.4150461,101.6455095,1,1,0.001937957662,0.001937957662,0,0,0.001937957662,11979.35077,11011.31692,0,0,-0.009696736266
2025-06-13 00:00:00+00:00,110.254556,109.7835964,102.4809701,1,1,0.001284013448,0.001284013448,0,0,0.001284013448,11994.73242,11025.4556,0,0,-0.008425173559
2025-06-14 00:00:00+00:00,110.3765518,110.0426554,103.3281002,1,1,0.001106492053,0.001106492053,0,0,0.001106492053,12008.00449,11037.65518,0,0,-0.007328003893
2025-06-15 00:00:00+00:00,110.532988,110.2354904,104.1752248,1,1,0.001417295589,0.001417295589,0,0,0.001417295589,12025.02339,11053.2988,0,0,-0.005921094251
2025-06-16 00:00:00+00:00,110.7756716,110.4105873,105.0132138,1,1,0.00219557604,0.00219557604,0,0,0.00219557604,12051.42524,11077.56716,0,0,-0.003738518424
2025-06-17 00:00:00+00:00,111.1510818,110.6181698,105.835756,1,1,0.00338892326,0.00338892326,0,0,0.00338892326,12092.2666,11115.10818,0,0,-0.0003622647165
2025-06-18 00:00:00+00:00,111.6975425,110.9067671,106.6394823,1,1,0.004916377251,0.004916377251,0,0,0.004916377251,12151.71674,11169.75425,0,0,0
2025-06-19 00:00:00+00:00,112.4429164,111.32004,107.4239471,1,1,0.006673145475,0.006673145475,0,0,0.006673145475,12232.80691,11244.29164,0,0,0
2025-06-20 00:00:00+00:00,113.4028222,111.8940069,108.1914745,1,1,0.00853682758,0.00853682758,0,0,0.00853682758,12337.23628,11340.28222,0,0,0
2025-06-21 00:00:00+00:00,114.5793598,112.6547445,108.9468641,1,1,0.01037485256,0.01037485256,0,0,0.01037485256,12465.23328,11457.93598,0,0,0
2025-06-22 00:00:00+00:00,115.9603548,113.6165991,109.6969546,1,1,0.01205273849,0.01205273849,0,0,0.01205273849,12615.47348,11596.03548,0,0,0
2025-06-23 00:00:00+00:00,117.5191737,114.7809254,110.4500413,1,1,0.01344268774,0.01344268774,0,0,0.01344268774,12785.05935,11751.91737,0,0,0
2025-06-24 00:00:00+00:00,119.2152059,116.1353833,111.2151539,1,1,0.01443196201,0.01443196201,0,0,0.01443196201,12969.57284,11921.52059,0,0,0
2025-06-25 00:00:00+00:00,120.9951423,117.6538473,112.0012168,1,1,0.01493044731,0.01493044731,0,0,0.01493044731,13163.21437,12099.51423,0,0,0
2025-06-26 00:00:00+00:00,122.7951675,119.2970088,112.8161387,1,1,0.01487683882,0.01487683882,0,0,0.01487683882,13359.04138,12279.51675,0,0,0
2025-06-27 00:00:00+00:00,124.5441334,121.0137645,113.6658949,1,1,0.0142429539,0.0142429539,0,0,0.0142429539,13549.3136,12454.41334,0,0,0
2025-06-28 00:00:00+00:00,126.1676681,122.7434634,114.5536881,1,1,0.01303581819,0.01303581819,0,0,0.01303581819,13725.93998,12616.76681,0,0,0
2025-06-29 00:00:00+00:00,127.5930287,124.419028,115.4792767,1,1,0.01129735258,0.01129735258,0,0,0.01129735258,13881.00677,12759.30287,0,0,0
2025-06-30 00:00:00+00:00,128.7543405,125.9708676,116.4385531,1,1,0.009101687073,0.009101687073,0,0,0.009101687073,14007.34735,12875.43405,0,0,0
2025-07-01 00:00:00+00:00,129.5977241,127.331379,117.4234299,1,1,0.006550330859,0.006550330859,0,0,0.006550330859,14099.10011,12959.77241,0,0,0
2025-07-02 00:00:00+00:00,130.0857371,128.4396997,118.4220583,1,1,0.003765598845,0.003765598845,0,0,0.003765598845,14152.19166,13008.57371,0,0,0
2025-07-03 00:00:00+00:00,130.200578,129.2462817,119.4193594,1,1,0.000882809004,0.000882809004,0,0,0.000882809004,14164.68534,13020.0578,0,0,0
2025-07-04 00:00:00+00:00,129.9456241,129.7168008,120.397813,1,1,-0.001958162275,-0.001958162275,0,0,-0.001958162275,14136.94859,12994.56241,0,0,-0.001958162275
2025-07-05 00:00:00+00:00,129.3450947,129.8349516,121.3384183,1,1,-0.004621389863,-0.004621389863,0,0,-0.004621389863,14071.61624,12934.50947,0,0,-0.006570502707
2025-07-06 00:00:00+00:00,128.4418864,129.6037841,122.2217291,1,1,-0.006982934312,-0.006982934312,0,0,-0.006982934312,13973.35507,12844.18864,0,0,-0.01350755563
2025-07-07 00:00:00+00:00,127.2938793,129.0454125,123.028869,1,1,-0.008937949232,-0.008937949232,0,0,-0.008937949232,13848.46193,12729.38794,0,0,-0.02232477502
2025-07-08 00:00:00+00:00,125.9691948,128.1991359,123.7424516,1,1,-0.01040650608,-0.01040650608,0,0,-0.01040650608,13704.34783,12596.91948,0,0,-0.03249895819
2025-07-09 00:00:00+00:00,124.5409714,127.1182053,124.3473543,1,1,-0.01133787853,-0.01133787853,0,0,-0.01133787853,13548.9696,12454.09714,0,0,-0.04346836749
2025-07-10 00:00:00+00:00,123.0822074,125.8656279,124.8313236,1,1,-0.01171312488,-0.01171312488,0,0,-0.01171312488,13390.26882,12308.22074,0,0,-0.05467234195
2025-07-11 00:00:00+00:00,121.6611151,124.5094736,125.1854114,0,1,-0.01154587986,-0.01154587986,0,0,-0.01154587986,13235.66639,12166.11151,0,0,-0.06558698152
2025-07-12 00:00:00+00:00,120.3372792,123.1181536,125.4042576,0,0,-0.0108813392,-0.0108813392,1,0.0015,-0.01236501719,13072.00715,12033.72792,13.09164461,6.545822307,-0.07714101455
2025-07-13 00:00:00+00:00,119.1587584,121.7560663,125.4862368,0,0,-0.00979348044,-0,0,0,0,13072.00715,11915.87584,0,0,-0.07714101455
2025-07-14 00:00:00+00:00,118.160133,120.4798986,125.4334832,0,0,-0.008380629366,-0,0,0,0,13072.00715,11816.0133,0,0,-0.07714101455
2025-07-15 00:00:00+00:00,117.3614227,119.3357417,125.2517972,0,0,-0.006759558149,-0,0,0,0,13072.00715,11736.14227,0,0,-0.07714101455
2025-07-16 00:00:00+00:00,116.7677637,118.3570714,124.950427,0,0,-0.005058383464,-0,0,0,0,13072.00715,11676.77637,0,0,-0.07714101455
2025-07-17 00:00:00+00:00,116.3697461,117.5635648,124.5417076,0,0,-0.003408625271,-0,0,0,0,13072.00715,11636.97461,0,0,-0.07714101455
2025-07-18 00:00:00+00:00,116.144352,116.9606835,124.0405418,0,0,-0.001936879194,-0,0,0,0,13072.00715,11614.4352,0,0,-0.07714101455
2025-07-19 00:00:00+00:00,116.0564743,116.5399518,123.4637141,0,0,-0.0007566241364,-0,0,0,0,13072.00715,11605.64743,0,0,-0.07714101455
2025-07-20 00:00:00+00:00,116.0610322,116.2798737,122.8290487,0,0,3.927303518e-05,0,0,0,0,13072.00715,11606.10322,0,0,-0.07714101455
2025-07-21 00:00:00+00:00,116.1056929,116.1474595,122.1544471,0,0,0.0003848033155,0,0,0,0,13072.00715,11610.56929,0,0,-0.07714101455
2025-07-22 00:00:00+00:00,116.1341765,116.1003456,121.4568691,0,0,0.000245324577,0,0,0,0,13072.00715,11613.41765,0,0,-0.07714101455
2025-07-23 00:00:00+00:00,116.0900419,116.0894836,120.7513423,0,0,-0.0003800305073,-0,0,0,0,13072.00715,11609.00419,0,0,-0.07714101455
2025-07-24 00:00:00+00:00,115.9207536,116.0623394,120.0500988,0,0,-0.001458249968,-0,0,0,0,13072.00715,11592.07536,0,0,-0.07714101455
2025-07-25 00:00:00+00:00,115.5817265,115.9664783,119.3619304,0,0,-0.002924645668,-0,0,0,0,13072.00715,11558.17265,0,0,-0.07714101455
2025-07-26 00:00:00+00:00,115.0399736,115.7533344,118.6918347,0,0,-0.004687184699,-0,0,0,0,13072.00715,11503.99736,0,0,-0.07714101455
2025-07-27 00:00:00+00:00,114.2769605,115.3818913,118.0409888,0,0,-0.006632590881,-0,0,0,0,13072.00715,11427.69605,0,0,-0.07714101455
2025-07-28 00:00:00+00:00,113.290323,114.8219475,117.4070452,0,0,-0.008633740041,-0,0,0,0,13072.00715,11329.0323,0,0,-0.07714101455
2025-07-29 00:00:00+00:00,112.0942263,114.056642,116.784708,0,0,-0.01055780051,-0,0,0,0,13072.00715,11209.42263,0,0,-0.07714101455
2025-07-30 00:00:00+00:00,110.7183196,113.0839606,116.1665136,0,0,-0.0122745545,-0,0,0,0,13072.00715,11071.83197,0,0,-0.07714101455
2025-07-31 00:00:00+00:00,109.2054229,111.9170505,115.543729,0,0,-0.01366437618,-0,0,0,0,13072.00715,10920.54229,0,0,-0.07714101455
2025-08-01 00:00:00+00:00,107.608249,110.5833082,114.9072774,0,0,-0.01462540859,-0,0,0,0,13072.00715,10760.8249,0,0,-0.07714101455
2025-08-02 00:00:00+00:00,105.9855625,109.1223561,114.2486176,0,0,-0.01507957295,-0,0,0,0,13072.00715,10598.55625,0,0,-0.07714101455
2025-08-03 00:00:00+00:00,104.3982021,107.5831512,113.5605211,0,0,-0.01497713785,-0,0,0,0,13072.00715,10439.82021,0,0,-0.07714101455
2025-08-04 00:00:00+00:00,102.9053435,106.020556,112.8377171,0,0,-0.01429965804,-0,0,0,0,13072.00715,10290.53435,0,0,-0.07714101455
2025-08-05 00:00:00+00:00,101.5612792,104.4917273,112.0773929,0,0,-0.01306117198,-0,0,0,0,13072.00715,10156.12791,0,0,-0.07714101455
2025-08-06 00:00:00+00:00,100.4128637,103.0526502,111.2795488,0,0,-0.01130761132,-0,0,0,0,13072.00715,10041.28637,0,0,-0.07714101455
2025-08-07 00:00:00+00:00,99.49765742,101.7550692,110.4472141,0,0,-0.009114432419,-0,0,0,0,13072.00715,9949.765742,0,0,-0.07714101455
2025-08-08 00:00:00+00:00,98.84270879,100.6439705,109.5865258,0,0,-0.006582553268,-0,0,0,0,13072.00715,9884.270879,0,0,-0.07714101455
2025-08-09 00:00:00+00:00,98.46386985,99.75567578,108.7066677,0,0,-0.003832745426,-0,0,0,0,13072.00715,9846.386985,0,0,-0.07714101455
2025-08-10 00:00:00+00:00,98.36553153,99.11652625,107.8196596,0,0,-0.0009987249145,-0,0,0,0,13072.00715,9836.553153,0,0,-0.07714101455
2025-08-11 00:00:00+00:00,98.54069332,98.74209218,106.9399854,0,0,0.00178072326,0,0,0,0,13072.00715,9854.069332,0,0,-0.07714101455
2025-08-12 00:00:00+00:00,98.97133044,98.63682679,106.0840499,0,0,0.004370145018,0,0,0,0,13072.00715,9897.133044,0,0,-0.07714101455
2025-08-13 00:00:00+00:00,99.62907692,98.79410041,105.269466,0,0,0.006645828414,0,0,0,0,13072.00715,9962.907692,0,0,-0.07714101455
2025-08-14 00:00:00+00:00,100.4762877,99.19658398,104.5141941,0,0,0.008503649599,0,0,0,0,13072.00715,10047.62877,0,0,-0.07714101455
2025-08-15 00:00:00+00:00,101.4675645,99.81699057,103.8355736,0,0,0.009865778811,0,0,0,0,13072.00715,10146.75645,0,0,-0.07714101455
2025-08-16 00:00:00+00:00,102.5518185,100.6192156,103.2493165,0,0,0.01068572056,0,0,0,0,13072.00715,10255.18185,0,0,-0.07714101455
2025-08-17 00:00:00+00:00,103.6748921,101.559928,102.768545,0,0,0.01095127864,0,0,0,0,13072.00715,10367.48921,0,0,-0.07714101455
2025-08-18 00:00:00+00:00,104.7826779,102.5906482,102.4029676,1,0,0.01068518942,0,0,0,0,13072.00715,10478.26779,0,0,-0.07714101455
2025-08-19 00:00:00+00:00,105.8245714,103.6603049,102.1582802,1,1,0.009943375092,0,1,0.0015,-0.0015,13052.39914,10582.45714,13.07200715,6.536003573,-0.07852530303
2025-08-20 00:00:00+00:00,106.7569867,104.7181894,102.0358584,1,1,0.008810952952,0.008810952952,0,0,0.008810952952,13167.40321,10675.69867,0,0,-0.07040623283
2025-08-21 00:00:00+00:00,107.5465973,105.7171451,102.0327758,1,1,0.007396336616,0.007396336616,0,0,0.007396336616,13264.79376,10754.65974,0,0,-0.06353064441
2025-08-22 00:00:00+00:00,108.1729371,106.6167541,102.1421445,1,1,0.005823891461,0.005823891461,0,0,0.005823891461,13342.04648,10817.29371,0,0,-0.05807674852
2025-08-23 00:00:00+00:00,108.6300439,107.3862273,102.3537366,1,1,0.004225704344,0.004225704344,0,0,0.004225704344,13398.42602,10863.00439,0,0,-0.05409645935
2025-08-24 00:00:00+00:00,108.9269352,108.0067,102.6548162,1,1,0.002733049066,0.002733049066,0,0,0.002733049066,13435.04458,10892.69352,0,0,-0.05151125856
2025-08-25 00:00:00+00:00,109.0868513,108.472673,103.0310948,1,1,0.001468104925,0.001468104925,0,0,0.001468104925,13454.76863,10908.68513,0,0,-0.05011877757
2025-08-26 00:00:00+00:00,109.1453678,108.7924271,103.46772,1,1,0.0005364213862,0.0005364213862,0,0,0.0005364213862,13461.98606,10914.53678,0,0,-0.04960924097
2025-08-27 00:00:00+00:00,109.1476086,108.9873614,103.9502176,1,1,2.053005129e-05,2.053005129e-05,0,0,2.053005129e-05,13462.26243,10914.76086,0,0,-0.0495897294
2025-08-28 00:00:00+00:00,109.1448813,109.0903288,104.4653262,1,1,-2.498726298e-05,-2.498726298e-05,0,0,-2.498726298e-05,13461.92605,10914.48813,0,0,-0.04961347755
2025-08-29 00:00:00+00:00,109.1910755,109.1431569,105.0016865,1,1,0.0004232378967,0.0004232378967,0,0,0.0004232378967,13467.62364,10919.10755,0,0,-0.04921123795
2025-08-30 00:00:00+00:00,109.3391273,109.1936121,105.5503662,1,1,0.001355895702,0.001355895702,0,0,0.001355895702,13485.88434,10933.91273,0,0,-0.04792206756
2025-08-31 00:00:00+00:00,109.6377754,109.2920936,106.1052204,1,1,0.002731393486,0.002731393486,0,0,0.002731393486,13522.71959,10963.77754,0,0,-0.04532156809
2025-09-01 00:00:00+00:00,110.1287442,109.4883207,106.663091,1,1,0.004478098247,0.004478098247,0,0,0.004478098247,13583.27566,11012.87442,0,0,-0.04104642428
2025-09-02 00:00:00+00:00,110.8443991,109.8282243,107.2238571,1,1,0.006498348051,0.006498348051,0,0,0.006498348051,13671.54451,11084.43991,0,0,-0.03481481018
2025-09-03 00:00:00+00:00,111.8058715,110.3511835,107.7903363,1,1,0.008674073007,0.008674073007,0,0,0.008674073007,13790.13249,11180.58715,0,0,-0.02644272338
2025-09-04 00:00:00+00:00,113.0216235,111.0876827,108.3680393,1,1,0.01087377562,0.01087377562,0,0,0.01087377562,13940.08329,11302.16234,0,0,-0.01585648
2025-09-05 00:00:00+00:00,114.4864427,112.0574162,108.9647705,1,1,0.0129605222,0.0129605222,0,0,0.0129605222,14120.75405,11448.64427,0,0,-0.003101466058
2025-09-06 00:00:00+00:00,116.1808988,113.2678471,109.5900708,1,1,0.01480049524,0.01480049524,0,0,0.01480049524,14329.74821,11618.08988,0,0,0
2025-09-07 00:00:00+00:00,118.0713451,114.7132363,110.2545042,1,1,0.01627157597,0.01627157597,0,0,0.01627157597,14562.91579,11807.13451,0,0,0
2025-09-08 00:00:00+00:00,120.1105989,116.3741818,110.9688056,1,1,0.0172713696,0.0172713696,0,0,0.0172713696,14814.43729,12011.05989,0,0,0
2025-09-09 00:00:00+00:00,122.2394492,118.2177469,111.7429287,1,1,0.01772408338,0.01772408338,0,0,0.01772408338,15077.00962,12223.94492,0,0,0
2025-09-10 00:00:00+00:00,124.3891178,120.1982819,112.5850547,1,1,0.01758571872,0.01758571872,0,0,0.01758571872,15342.14967,12438.91178,0,0,0
2025-09-11 00:00:00+00:00,126.4847206,122.2590463,113.5006439,1,1,0.0168471555,0.0168471555,0,0,0.0168471555,15600.62125,12648.47206,0,0,0
2025-09-12 00:00:00+00:00,128.4496441,124.3347061,114.4916239,1,1,0.01553486896,0.01553486896,0,0,0.01553486896,15842.97485,12844.96441,0,0,0
2025-09-13 00:00:00+00:00,130.2105884,126.354704,115.5558066,1,1,0.01370921899,0.01370921899,0,0,0.01370921899,16060.16967,13021.05884,0,0,0
2025-09-14 00:00:00+00:00,131.7028617,128.2473865,116.6866071,1,1,0.01146046046,0.01146046046,0,0,0.01146046046,16244.22661,13170.28617,0,0,0
2025-09-15 00:00:00+00:00,132.8753866,129.9446403,117.873108,1,1,0.008902804955,0.008902804955,0,0,0.008902804955,16388.84579,13287.53866,0,0,0
2025-09-16 00:00:00+00:00,133.6948311,131.3866624,119.1004691,1,1,0.006167015208,0.006167015208,0,0,0.006167015208,16489.91605,13369.48312,0,0,0
2025-09-17 00:00:00+00:00,134.1483372,132.526401,120.3506419,1,1,0.003392098753,0.003392098753,0,0,0.003392098753,16545.85147,13414.83372,0,0,0
2025-09-18 00:00:00+00:00,134.2444806,133.3331795,121.6033122,1,1,0.0007166946829,0.0007166946829,0,0,0.0007166946829,16557.7098,13424.44806,0,0,0
2025-09-19 00:00:00+00:00,134.0123346,133.795074,122.8369726,1,1,-0.001729277725,-0.001729277725,0,0,-0.001729277725,16529.07692,13401.23346,0,0,-0.001729277725
2025-09-20 00:00:00+00:00,133.4987706,133.9197508,124.0300223,1,1,-0.003832214709,-0.003832214709,0,0,-0.003832214709,16465.73394,13349.87706,0,0,-0.00555486547
2025-09-21 00:00:00+00:00,132.7643589,133.7336564,125.161803,1,1,-0.005501262197,-0.005501262197,0,0,-0.005501262197,16375.15163,13276.43588,0,0,-0.0110255689
2025-09-22 00:00:00+00:00,131.8783841,133.2796657,126.2135023,1,1,-0.006673287904,-0.006673287904,0,0,-0.006673287904,16265.87552,13187.83841,0,0,-0.01762528
2025-09-23 00:00:00+00:00,130.9135367,132.613477,127.1688856,1,1,-0.007316190571,-0.007316190571,0,0,-0.007316190571,16146.87128,13091.35367,0,0,-0.02481252067
2025-09-24 00:00:00+00:00,129.9407939,131.7991688,128.0148441,1,1,-0.007430421901,-0.007430421901,0,0,-0.007430421901,16026.89321,12994.07939,0,0,-0.03205857507
2025-09-25 00:00:00+00:00,129.0248825,130.9043912,128.7417661,1,1,-0.007048682579,-0.007048682579,0,0,-0.007048682579,15913.92473,12902.48825,0,0,-0.03888128693
2025-09-26 00:00:00+00:00,128.2205662,129.9956326,129.3437494,1,1,-0.006233807268,-0.006233807268,0,0,-0.006233807268,15814.72039,12822.05662,0,0,-0.04487271575
2025-09-27 00:00:00+00:00,127.569856,129.133927,129.818675,0,1,-0.0050749283,-0.0050749283,0,0,-0.0050749283,15734.46182,12756.9856,0,0,-0.04971991824
2025-09-28 00:00:00+00:00,127.1001343,128.3712466,130.1681518,0,0,-0.003682074235,-0.003682074235,1,0.0015,-0.005176551124,15653.01157,12710.01343,15.67652636,7.838263181,-0.05463909166
2025-09-29 00:00:00+00:00,126.8231267,127.7477131,130.3973356,0,0,-0.002179444117,-0,0,0,0,15653.01157,12682.31267,0,0,-0.05463909166
2025-09-30 00:00:00+00:00,126.7346436,127.2896654,130.5146119,0,0,-0.0006976886811,-0,0,0,0,15653.01157,12673.46436,0,0,-0.05463909166
2025-10-01 00:00:00+00:00,126.8150413,127.0085604,130.531128,0,0,0.0006343778441,0,0,0,0,15653.01157,12681.50413,0,0,-0.05463909166
2025-10-02 00:00:00+00:00,127.0303899,126.9006672,130.4601652,0,0,0.00169813145,0,0,0,0,15653.01157,12703.03899,0,0,-0.05463909166
2025-10-03 00:00:00+00:00,127.3343738,126.9475151,130.3163545,0,0,0.002393001708,0,0,0,0,15653.01157,12733.43738,0,0,-0.05463909166
2025-10-04 00:00:00+00:00,127.6709538,127.1170805,130.1147591,0,0,0.002643276359,0,0,0,0,15653.01157,12767.09538,0,0,-0.05463909166
2025-10-05 00:00:00+00:00,127.9777892,127.3657096,129.8698793,0,0,0.002403330209,0,0,0,0,15653.01157,12797.77892,0,0,-0.05463909166
2025-10-06 00:00:00+00:00,128.190342,127.6407697,129.5946548,0,0,0.001660856398,0,0,0,0,15653.01157,12819.0342,0,0,-0.05463909166
2025-10-07 00:00:00+00:00,128.2464683,127.8839854,129.2995613,0,0,0.0004378361048,0,0,0,0,15653.01157,12824.64683,0,0,-0.05463909166
2025-10-08 00:00:00+00:00,128.0911832,128.0353473,128.9918965,0,0,-0.001210833343,-0,0,0,0,15653.01157,12809.11832,0,0,-0.05463909166
2025-10-09 00:00:00+00:00,127.6811716,128.0373909,128.6753383,0,0,-0.003200935222,-0,0,0,0,15653.01157,12768.11716,0,0,-0.05463909166
2025-10-10 00:00:00+00:00,126.9885707,127.8395472,128.3498283,0,0,-0.005424456097,-0,0,0,0,15653.01157,12698.85707,0,0,-0.05463909166
2025-10-11 00:00:00+00:00,126.0035721,127.4021932,128.011789,0,0,-0.007756593166,-0,0,0,0,15653.01157,12600.35721,0,0,-0.05463909166
2025-10-12 00:00:00+00:00,124.7355086,126.7000013,127.6546452,0,0,-0.01006371025,-0,0,0,0,15653.01157,12473.55086,0,0,-0.05463909166
2025-10-13 00:00:00+00:00,123.2122786,125.7242203,127.2695823,0,0,-0.01221167947,-0,0,0,0,15653.01157,12321.22786,0,0,-0.05463909166
2025-10-14 00:00:00+00:00,121.478182,124.4836224,126.8464517,0,0,-0.01407405658,-0,0,0,0,15653.01157,12147.8182,0,0,-0.05463909166
2025-10-15 00:00:00+00:00,119.5904586,123.004,126.3747305,0,0,-0.01553960859,-0,0,0,0,15653.01157,11959.04586,0,0,-0.05463909166
2025-10-16 00:00:00+00:00,117.6149689,121.3262793,125.8444507,0,0,-0.01651879007,-0,0,0,0,15653.01157,11761.49689,0,0,-0.05463909166
2025-10-17 00:00:00+00:00,115.6215288,119.5034834,125.2470343,0,0,-0.01694886423,-0,0,0,0,15653.01157,11562.15288,0,0,-0.05463909166
2025-10-18 00:00:00+00:00,113.6793814,117.5969039,124.5759967,0,0,-0.0167974546,-0,0,0,0,15653.01157,11367.93814,0,0,-0.05463909166
2025-10-19 00:00:00+00:00,111.8531915,115.6719058,123.8274999,0,0,-0.01606438967,-0,0,0,0,15653.01157,11185.31915,0,0,-0.05463909166
2025-10-20 00:00:00+00:00,110.1998025,113.7937746,123.0007578,0,0,-0.01478177804,-0,0,0,0,15653.01157,11019.98025,0,0,-0.05463909166
2025-10-21 00:00:00+00:00,108.7658488,112.0239506,122.0982982,0,0,-0.01301230726,-0,0,0,0,15653.01157,10876.58488,0,0,-0.05463909166
2025-10-22 00:00:00+00:00,107.5861938,110.4168836,121.1260884,0,0,-0.01084582158,-0,0,0,0,15653.01157,10758.61938,0,0,-0.05463909166
2025-10-23 00:00:00+00:00,106.6830822,109.0176237,120.0935238,0,0,-0.008394307748,-0,0,0,0,15653.01157,10668.30822,0,0,-0.05463909166
2025-10-24 00:00:00+00:00,106.0658682,107.8601591,119.0132695,0,0,-0.005785490797,-0,0,0,0,15653.01157,10606.58682,0,0,-0.05463909166
2025-10-25 00:00:00+00:00,105.7311942,106.9664374,117.9009398,0,0,-0.003155340882,-0,0,0,0,15653.01157,10573.11942,0,0,-0.05463909166
2025-10-26 00:00:00+00:00,105.6635384,106.3459753,116.7745996,0,0,-0.0006398849508,-0,0,0,0,15653.01157,10566.35384,0,0,-0.05463909166
2025-10-27 00:00:00+00:00,105.8361073,105.995958,115.6540816,0,0,0.001633192515,0,0,0,0,15653.01157,10583.61073,0,0,-0.05463909166
