timestamp,close
2025-01-01T00:00:00+00:00,100.00000000
2025-01-02T00:00:00+00:00,101.86526342
2025-01-03T00:00:00+00:00,103.70381235
2025-01-04T00:00:00+00:00,105.45398685
2025-01-05T00:00:00+00:00,107.05737294
2025-01-06T00:00:00+00:00,108.46298530
2025-01-07T00:00:00+00:00,109.63116051
2025-01-08T00:00:00+00:00,110.53670016
2025-01-09T00:00:00+00:00,111.17086151
2025-01-10T00:00:00+00:00,111.54193089
2025-01-11T00:00:00+00:00,111.67430528
2025-01-12T00:00:00+00:00,111.60621023
2025-01-13T00:00:00+00:00,111.38635304
2025-01-14T00:00:00+00:00,111.06991573
2025-01-15T00:00:00+00:00,110.71431892
2025-01-16T00:00:00+00:00,110.37514082
2025-01-17T00:00:00+00:00,110.10248063
2025-01-18T00:00:00+00:00,109.93794160
2025-01-19T00:00:00+00:00,109.91230627
2025-01-20T00:00:00+00:00,110.04390403
2025-01-21T00:00:00+00:00,110.33763894
2025-01-22T00:00:00+00:00,110.78464831
2025-01-23T00:00:00+00:00,111.36259102
2025-01-24T00:00:00+00:00,112.03659812
2025-01-25T00:00:00+00:00,112.76094083
2025-01-26T00:00:00+00:00,113.48146329
2025-01-27T00:00:00+00:00,114.13878004
2025-01-28T00:00:00+00:00,114.67214953
2025-01-29T00:00:00+00:00,115.02381605
2025-01-30T00:00:00+00:00,115.14348866
2025-01-31T00:00:00+00:00,114.99252718
2025-02-01T00:00:00+00:00,114.54736680
2025-02-02T00:00:00+00:00,113.80175507
2025-02-03T00:00:00+00:00,112.76750305
2025-02-04T00:00:00+00:00,111.47364474
2025-02-05T00:00:00+00:00,109.96411800
2025-02-06T00:00:00+00:00,108.29427709
2025-02-07T00:00:00+00:00,106.52668092
2025-02-08T00:00:00+00:00,104.72664802
2025-02-09T00:00:00+00:00,102.95802853
2025-02-10T00:00:00+00:00,101.27953714
2025-02-11T00:00:00+00:00,99.74185095
2025-02-12T00:00:00+00:00,98.38553812
2025-02-13T00:00:00+00:00,97.23977412
2025-02-14T00:00:00+00:00,96.32173683
2025-02-15T00:00:00+00:00,95.63655216
2025-02-16T00:00:00+00:00,95.17768005
2025-02-17T00:00:00+00:00,94.92767199
2025-02-18T00:00:00+00:00,94.85928015
2025-02-19T00:00:00+00:00,94.93693705
2025-02-20T00:00:00+00:00,95.11864162
2025-02-21T00:00:00+00:00,95.35827330
2025-02-22T00:00:00+00:00,95.60830922
2025-02-23T00:00:00+00:00,95.82284682
2025-02-24T00:00:00+00:00,95.96074983
2025-02-25T00:00:00+00:00,95.98866162
2025-02-26T00:00:00+00:00,95.88358687
2025-02-27T00:00:00+00:00,95.63475028
2025-02-28T00:00:00+00:00,95.24450433
2025-03-01T00:00:00+00:00,94.72817004
2025-03-02T00:00:00+00:00,94.11283254
2025-03-03T00:00:00+00:00,93.43524753
2025-03-04T00:00:00+00:00,92.73911675
2025-03-05T00:00:00+00:00,92.07204019
2025-03-06T00:00:00+00:00,91.48244509
2025-03-07T00:00:00+00:00,91.01673661
2025-03-08T00:00:00+00:00,90.71683061
2025-03-09T00:00:00+00:00,90.61813968
2025-03-10T00:00:00+00:00,90.74800871
2025-03-11T00:00:00+00:00,91.12454948
2025-03-12T00:00:00+00:00,91.75581070
2025-03-13T00:00:00+00:00,92.63923718
2025-03-14T00:00:00+00:00,93.76141193
2025-03-15T00:00:00+00:00,95.09812515
2025-03-16T00:00:00+00:00,96.61485983
2025-03-17T00:00:00+00:00,98.26781085
2025-03-18T00:00:00+00:00,100.00554877
2025-03-19T00:00:00+00:00,101.77139397
2025-03-20T00:00:00+00:00,103.50648023
2025-03-21T00:00:00+00:00,105.15336998
2025-03-22T00:00:00+00:00,106.65995769
2025-03-23T00:00:00+00:00,107.98329244
2025-03-24T00:00:00+00:00,109.09289582
2025-03-25T00:00:00+00:00,109.97316821
2025-03-26T00:00:00+00:00,110.62457090
2025-03-27T00:00:00+00:00,111.06342756
2025-03-28T00:00:00+00:00,111.32037406
2025-03-29T00:00:00+00:00,111.43766049
2025-03-30T00:00:00+00:00,111.46563644
2025-03-31T00:00:00+00:00,111.45880907
2025-04-01T00:00:00+00:00,111.47185065
2025-04-02T00:00:00+00:00,111.55586331
2025-04-03T00:00:00+00:00,111.75511070
2025-04-04T00:00:00+00:00,112.10432692
2025-04-05T00:00:00+00:00,112.62663623
2025-04-06T00:00:00+00:00,113.33207515
2025-04-07T00:00:00+00:00,114.21670425
2025-04-08T00:00:00+00:00,115.26232166
2025-04-09T00:00:00+00:00,116.43682909
2025-04-10T00:00:00+00:00,117.69533525
2025-04-11T00:00:00+00:00,118.98209029
2025-04-12T00:00:00+00:00,120.23331418
2025-04-13T00:00:00+00:00,121.38090204
2025-04-14T00:00:00+00:00,122.35686756
2025-04-15T00:00:00+00:00,123.09823823
2025-04-16T00:00:00+00:00,123.55197784
2025-04-17T00:00:00+00:00,123.67941880
2025-04-18T00:00:00+00:00,123.45967457
2025-04-19T00:00:00+00:00,122.89158826
2025-04-20T00:00:00+00:00,121.99395026
2025-04-21T00:00:00+00:00,120.80395309
2025-04-22T00:00:00+00:00,119.37409554
2025-04-23T00:00:00+00:00,117.76794719
2025-04-24T00:00:00+00:00,116.05529903
2025-04-25T00:00:00+00:00,114.30723998
2025-04-26T00:00:00+00:00,112.59162288
2025-04-27T00:00:00+00:00,110.96924795
2025-04-28T00:00:00+00:00,109.49093511
2025-04-29T00:00:00+00:00,108.19551575
2025-04-30T00:00:00+00:00,107.10867376
2025-05-01T00:00:00+00:00,106.24251454
2025-05-02T00:00:00+00:00,105.59573734
2025-05-03T00:00:00+00:00,105.15431587
2025-05-04T00:00:00+00:00,104.89263888
2025-05-05T00:00:00+00:00,104.77510594
2025-05-06T00:00:00+00:00,104.75819785
2025-05-07T00:00:00+00:00,104.79303499
2025-05-08T00:00:00+00:00,104.82839445
2025-05-09T00:00:00+00:00,104.81408431
2025-05-10T00:00:00+00:00,104.70448378
2025-05-11T00:00:00+00:00,104.46197374
2025-05-12T00:00:00+00:00,104.05992888
2025-05-13T00:00:00+00:00,103.48494081
2025-05-14T00:00:00+00:00,102.73800272
2025-05-15T00:00:00+00:00,101.83450423
2025-05-16T00:00:00+00:00,100.80303790
2025-05-17T00:00:00+00:00,99.68317470
2025-05-18T00:00:00+00:00,98.52249028
2025-05-19T00:00:00+00:00,97.37319192
2025-05-20T00:00:00+00:00,96.28869837
2025-05-21T00:00:00+00:00,95.32046924
2025-05-22T00:00:00+00:00,94.51528664
2025-05-23T00:00:00+00:00,93.91308653
2025-05-24T00:00:00+00:00,93.54534357
2025-05-25T00:00:00+00:00,93.43394955
2025-05-26T00:00:00+00:00,93.59049742
2025-05-27T00:00:00+00:00,94.01589118
2025-05-28T00:00:00+00:00,94.70023662
2025-05-29T00:00:00+00:00,95.62301823
2025-05-30T00:00:00+00:00,96.75361872
2025-05-31T00:00:00+00:00,98.05227431
2025-06-01T00:00:00+00:00,99.47156904
2025-06-02T00:00:00+00:00,100.95854490
2025-06-03T00:00:00+00:00,102.45743832
2025-06-04T00:00:00+00:00,103.91295545
2025-06-05T00:00:00+00:00,105.27388343
2025-06-06T00:00:00+00:00,106.49672935
2025-06-07T00:00:00+00:00,107.54900962
2025-06-08T00:00:00+00:00,108.41180465
2025-06-09T00:00:00+00:00,109.08125643
2025-06-10T00:00:00+00:00,109.56881286
2025-06-11T00:00:00+00:00,109.90018729
2025-06-12T00:00:00+00:00,110.11316920
2025-06-13T00:00:00+00:00,110.25455599
2025-06-14T00:00:00+00:00,110.37655178
2025-06-15T00:00:00+00:00,110.53298798
2025-06-16T00:00:00+00:00,110.77567156
2025-06-17T00:00:00+00:00,111.15108181
2025-06-18T00:00:00+00:00,111.69754246
2025-06-19T00:00:00+00:00,112.44291641
2025-06-20T00:00:00+00:00,113.40282220
2025-06-21T00:00:00+00:00,114.57935976
2025-06-22T00:00:00+00:00,115.96035482
2025-06-23T00:00:00+00:00,117.51917366
2025-06-24T00:00:00+00:00,119.21520591
2025-06-25T00:00:00+00:00,120.99514226
2025-06-26T00:00:00+00:00,122.79516749
2025-06-27T00:00:00+00:00,124.54413340
2025-06-28T00:00:00+00:00,126.16766808
2025-06-29T00:00:00+00:00,127.59302871
2025-06-30T00:00:00+00:00,128.75434053
2025-07-01T00:00:00+00:00,129.59772406
2025-07-02T00:00:00+00:00,130.08573710
2025-07-03T00:00:00+00:00,130.20057796
2025-07-04T00:00:00+00:00,129.94562410
2025-07-05T00:00:00+00:00,129.34509471
2025-07-06T00:00:00+00:00,128.44188641
2025-07-07T00:00:00+00:00,127.29387935
2025-07-08T00:00:00+00:00,125.96919482
2025-07-09T00:00:00+00:00,124.54097139
2025-07-10T00:00:00+00:00,123.08220744
2025-07-11T00:00:00+00:00,121.66111506
2025-07-12T00:00:00+00:00,120.33727920
2025-07-13T00:00:00+00:00,119.15875841
2025-07-14T00:00:00+00:00,118.16013302
2025-07-15T00:00:00+00:00,117.36142273
2025-07-16T00:00:00+00:00,116.76776365
2025-07-17T00:00:00+00:00,116.36974610
2025-07-18T00:00:00+00:00,116.14435196
2025-07-19T00:00:00+00:00,116.05647434
2025-07-20T00:00:00+00:00,116.06103223
2025-07-21T00:00:00+00:00,116.10569290
2025-07-22T00:00:00+00:00,116.13417648
2025-07-23T00:00:00+00:00,116.09004195
2025-07-24T00:00:00+00:00,115.92075365
2025-07-25T00:00:00+00:00,115.58172652
2025-07-26T00:00:00+00:00,115.03997362
2025-07-27T00:00:00+00:00,114.27696054
2025-07-28T00:00:00+00:00,113.29032297
2025-07-29T00:00:00+00:00,112.09422634
2025-07-30T00:00:00+00:00,110.71831965
2025-07-31T00:00:00+00:00,109.20542288
2025-08-01T00:00:00+00:00,107.60824895
2025-08-02T00:00:00+00:00,105.98556251
2025-08-03T00:00:00+00:00,104.39820213
2025-08-04T00:00:00+00:00,102.90534354
2025-08-05T00:00:00+00:00,101.56127915
2025-08-06T00:00:00+00:00,100.41286368
2025-08-07T00:00:00+00:00,99.49765742
2025-08-08T00:00:00+00:00,98.84270879
2025-08-09T00:00:00+00:00,98.46386985
2025-08-10T00:00:00+00:00,98.36553153
2025-08-11T00:00:00+00:00,98.54069332
2025-08-12T00:00:00+00:00,98.97133044
2025-08-13T00:00:00+00:00,99.62907692
2025-08-14T00:00:00+00:00,100.47628768
2025-08-15T00:00:00+00:00,101.46756451
2025-08-16T00:00:00+00:00,102.55181855
2025-08-17T00:00:00+00:00,103.67489209
2025-08-18T00:00:00+00:00,104.78267795
2025-08-19T00:00:00+00:00,105.82457142
2025-08-20T00:00:00+00:00,106.75698674
2025-08-21T00:00:00+00:00,107.54659735
2025-08-22T00:00:00+00:00,108.17293706
2025-08-23T00:00:00+00:00,108.63004391
2025-08-24T00:00:00+00:00,108.92693515
2025-08-25T00:00:00+00:00,109.08685132
2025-08-26T00:00:00+00:00,109.14536784
2025-08-27T00:00:00+00:00,109.14760860
2025-08-28T00:00:00+00:00,109.14488130
2025-08-29T00:00:00+00:00,109.19107555
2025-08-30T00:00:00+00:00,109.33912726
2025-08-31T00:00:00+00:00,109.63777544
2025-09-01T00:00:00+00:00,110.12874417
2025-09-02T00:00:00+00:00,110.84439908
2025-09-03T00:00:00+00:00,111.80587149
2025-09-04T00:00:00+00:00,113.02162345
2025-09-05T00:00:00+00:00,114.48644271
2025-09-06T00:00:00+00:00,116.18089876
2025-09-07T00:00:00+00:00,118.07134508
2025-09-08T00:00:00+00:00,120.11059892
2025-09-09T00:00:00+00:00,122.23944919
2025-09-10T00:00:00+00:00,124.38911776
2025-09-11T00:00:00+00:00,126.48472057
2025-09-12T00:00:00+00:00,128.44964413
2025-09-13T00:00:00+00:00,130.21058843
2025-09-14T00:00:00+00:00,131.70286173
2025-09-15T00:00:00+00:00,132.87538662
2025-09-16T00:00:00+00:00,133.69483115
2025-09-17T00:00:00+00:00,134.14833722
2025-09-18T00:00:00+00:00,134.24448062
2025-09-19T00:00:00+00:00,134.01233463
2025-09-20T00:00:00+00:00,133.49877059
2025-09-21T00:00:00+00:00,132.76435885
2025-09-22T00:00:00+00:00,131.87838406
2025-09-23T00:00:00+00:00,130.91353667
2025-09-24T00:00:00+00:00,129.94079386
2025-09-25T00:00:00+00:00,129.02488245
2025-09-26T00:00:00+00:00,128.22056620
2025-09-27T00:00:00+00:00,127.56985602
2025-09-28T00:00:00+00:00,127.10013434
2025-09-29T00:00:00+00:00,126.82312670
2025-09-30T00:00:00+00:00,126.73464364
2025-10-01T00:00:00+00:00,126.81504129
2025-10-02T00:00:00+00:00,127.03038990
2025-10-03T00:00:00+00:00,127.33437384
2025-10-04T00:00:00+00:00,127.67095378
2025-10-05T00:00:00+00:00,127.97778924
2025-10-06T00:00:00+00:00,128.19034197
2025-10-07T00:00:00+00:00,128.24646833
2025-10-08T00:00:00+00:00,128.09118323
2025-10-09T00:00:00+00:00,127.68117165
2025-10-10T00:00:00+00:00,126.98857074
2025-10-11T00:00:00+00:00,126.00357206
2025-10-12T00:00:00+00:00,124.73550862
2025-10-13T00:00:00+00:00,123.21227857
2025-10-14T00:00:00+00:00,121.47818199
2025-10-15T00:00:00+00:00,119.59045859
2025-10-16T00:00:00+00:00,117.61496891
2025-10-17T00:00:00+00:00,115.62152877
2025-10-18T00:00:00+00:00,113.67938139
2025-10-19T00:00:00+00:00,111.85319151
2025-10-20T00:00:00+00:00,110.19980246
2025-10-21T00:00:00+00:00,108.76584877
2025-10-22T00:00:00+00:00,107.58619378
2025-10-23T00:00:00+00:00,106.68308216
2025-10-24T00:00:00+00:00,106.06586817
2025-10-25T00:00:00+00:00,105.73119420
2025-10-26T00:00:00+00:00,105.66353840
2025-10-27T00:00:00+00:00,105.83610730
